SEASON_YEAR,TEAM_ABBREVIATION,TEAM_NAME,GAMES_PLAYED,WINS,LOSSES,WIN_PCT,PTS,FGM,FGA,FG_PCT,FG3M,FG3A,FG3_PCT,FTM,FTA,FT_PCT,OREB,DREB,REB,AST,TOV,STL,BLK,PF,PLUS_MINUS
2010-11,CHI,Chicago Bulls,82,62,20,0.756,98.622,37.098,80.329,0.463,6.232,17.256,0.36,18.195,24.488,0.742,11.793,32.366,44.159,22.28,14.159,7.22,5.707,19.988,7.317
2010-11,SAS,San Antonio Spurs,82,61,21,0.744,103.683,38.39,80.829,0.477,8.354,21.061,0.396,18.549,24.195,0.761,10.11,31.744,41.854,22.39,13.427,7.341,4.537,18.976,5.707
2010-11,MIA,Miami Heat,82,58,24,0.707,102.061,36.963,76.841,0.481,6.671,18.037,0.367,21.463,27.902,0.767,9.634,32.512,42.146,19.988,13.927,6.634,5.244,20.415,7.463
2010-11,DAL,Dallas Mavericks,82,57,25,0.695,100.244,37.427,78.817,0.475,7.866,21.561,0.364,17.524,22.561,0.775,9.512,31.927,41.439,23.829,13.963,6.793,4.293,19.207,4.232
2010-11,LAL,Los Angeles Lakers,82,57,25,0.695,101.476,38.146,82.402,0.464,6.39,18.134,0.352,18.793,24.134,0.774,12.061,31.902,43.963,21.963,13.085,7.341,5.146,18.963,6.11
2010-11,BOS,Boston Celtics,82,56,26,0.683,96.5,36.866,75.841,0.487,4.976,13.646,0.361,17.793,23.11,0.768,7.793,31.0,38.793,23.427,14.573,8.244,4.195,20.463,5.366
2010-11,OKC,Oklahoma City Thunder,82,55,27,0.671,104.829,37.39,80.598,0.466,5.939,17.11,0.349,24.11,29.28,0.822,11.012,31.756,42.768,20.39,14.098,7.976,5.939,22.39,3.793
2010-11,ORL,Orlando Magic,82,52,30,0.634,99.207,36.049,78.183,0.461,9.39,25.646,0.361,17.72,25.622,0.7,10.537,32.671,43.207,19.951,14.927,6.683,4.683,20.0,5.463
2010-11,DEN,Denver Nuggets,82,50,32,0.61,107.451,38.354,80.646,0.476,8.073,20.78,0.38,22.671,29.622,0.766,9.646,32.341,41.988,22.11,14.11,7.378,4.293,20.963,4.756
2010-11,POR,Portland Trail Blazers,82,48,34,0.585,96.293,35.988,80.476,0.449,6.317,18.329,0.346,18.0,22.378,0.798,12.146,27.195,39.341,21.171,13.049,8.049,4.366,19.329,1.524
2010-11,MEM,Memphis Grizzlies,82,46,36,0.561,99.939,39.024,82.939,0.471,3.768,11.293,0.329,18.122,24.159,0.749,11.829,29.159,40.988,20.622,13.963,9.402,5.378,20.793,2.341
2010-11,NOH,New Orleans Hornets,82,46,36,0.561,94.927,35.902,78.244,0.46,5.415,15.024,0.362,17.707,23.134,0.766,10.049,30.098,40.146,20.622,13.037,7.61,4.378,20.963,0.89
2010-11,ATL,Atlanta Hawks,82,44,38,0.537,95.0,36.232,78.402,0.463,6.122,17.402,0.359,16.415,21.073,0.773,9.293,30.0,39.293,21.976,13.634,6.061,4.159,18.951,-0.817
2010-11,HOU,Houston Rockets,82,43,39,0.524,105.915,38.659,85.061,0.456,8.256,22.476,0.366,20.341,25.402,0.802,11.732,31.085,42.817,23.841,13.537,7.085,4.524,20.012,2.183
2010-11,NYK,New York Knicks,82,42,40,0.512,106.512,38.293,83.744,0.459,9.329,25.378,0.366,20.598,25.451,0.808,10.329,30.122,40.451,21.427,13.695,7.622,5.793,21.256,0.78
2010-11,PHI,Philadelphia 76ers,82,41,41,0.5,99.012,38.11,82.634,0.463,5.402,15.22,0.352,17.39,22.573,0.773,10.366,31.439,41.805,22.695,12.963,7.573,4.329,19.415,1.5
2010-11,PHX,Phoenix Suns,82,40,42,0.488,105.012,39.256,83.463,0.471,8.549,22.646,0.369,17.951,23.646,0.764,10.012,30.22,40.232,23.72,14.256,6.646,4.354,20.317,-0.89
2010-11,UTA,Utah Jazz,82,39,43,0.476,99.427,37.366,80.366,0.466,5.305,15.317,0.334,19.39,25.134,0.771,10.951,28.512,39.463,23.427,14.329,7.671,5.902,22.744,-1.829
2010-11,IND,Indiana Pacers,82,37,45,0.451,99.793,36.622,82.768,0.444,7.134,20.159,0.35,19.415,24.817,0.778,11.146,32.402,43.549,19.646,15.39,7.122,5.561,21.732,-1.073
2010-11,GSW,Golden State Warriors,82,36,46,0.439,103.378,39.646,85.939,0.462,8.354,21.329,0.384,15.732,20.671,0.755,11.646,28.902,40.549,22.524,14.61,8.988,4.951,22.024,-2.329
2010-11,MIL,Milwaukee Bucks,82,35,47,0.427,91.878,34.317,79.805,0.431,5.89,17.244,0.342,17.354,22.939,0.758,10.512,30.244,40.756,18.841,13.451,7.524,4.866,20.512,-0.841
2010-11,CHA,Charlotte Bobcats,82,34,48,0.415,93.293,35.037,77.622,0.452,4.793,14.671,0.32,18.427,24.378,0.755,10.341,29.805,40.146,21.073,14.537,6.39,5.28,19.963,-4.0
2010-11,LAC,Los Angeles Clippers,82,32,50,0.39,98.646,36.768,80.415,0.458,6.256,18.524,0.337,18.854,26.671,0.705,11.646,30.5,42.146,22.11,16.378,7.134,4.902,21.134,-3.134
2010-11,DET,Detroit Pistons,82,30,52,0.366,96.963,37.268,81.061,0.46,5.756,15.317,0.37,16.671,22.61,0.741,11.354,27.268,38.622,21.098,13.012,7.256,4.0,19.866,-3.598
2010-11,NJN,New Jersey Nets,82,24,58,0.293,94.171,35.585,80.951,0.442,5.598,16.305,0.345,17.402,22.939,0.763,11.085,29.756,40.841,21.012,14.049,5.585,4.683,22.037,-6.244
2010-11,SAC,Sacramento Kings,82,24,58,0.293,99.402,38.22,85.11,0.45,5.22,15.573,0.335,17.744,24.159,0.729,13.061,30.805,43.866,20.427,16.146,7.415,4.768,22.012,-5.341
2010-11,WAS,Washington Wizards,82,23,59,0.28,97.28,37.171,84.0,0.443,4.78,14.415,0.326,18.159,24.378,0.741,12.354,28.951,41.305,19.415,15.341,8.11,6.122,22.561,-7.402
2010-11,TOR,Toronto Raptors,82,22,60,0.268,99.073,38.341,82.378,0.467,4.207,13.305,0.308,18.183,24.098,0.753,11.744,28.573,40.317,21.89,14.707,7.085,4.268,22.037,-6.28
2010-11,CLE,Cleveland Cavaliers,82,19,63,0.232,95.451,35.195,81.061,0.435,6.207,18.159,0.341,18.854,25.305,0.743,10.439,29.866,40.305,20.976,14.22,6.634,4.159,20.098,-9.012
2010-11,MIN,Minnesota Timberwolves,82,17,65,0.207,101.073,37.683,85.537,0.441,7.183,19.085,0.375,18.524,24.11,0.771,13.232,31.171,44.402,20.122,17.049,7.22,5.146,22.256,-6.634
2011-12,CHI,Chicago Bulls,66,50,16,0.758,96.348,37.379,82.758,0.453,6.348,16.924,0.376,15.242,21.121,0.72,13.864,32.803,46.667,23.136,13.985,6.909,5.879,17.258,8.182
2011-12,SAS,San Antonio Spurs,66,50,16,0.758,103.652,39.561,82.773,0.48,8.364,21.288,0.396,16.167,21.621,0.738,10.348,32.621,42.97,23.152,13.561,7.424,4.439,17.318,7.167
2011-12,OKC,Oklahoma City Thunder,66,47,19,0.712,103.061,37.303,79.227,0.472,7.152,19.955,0.363,21.303,26.424,0.808,11.0,32.682,43.682,18.545,16.348,7.545,8.167,20.485,6.121
2011-12,MIA,Miami Heat,66,46,20,0.697,98.485,37.061,78.97,0.47,5.606,15.606,0.352,18.758,24.212,0.772,10.394,31.212,41.606,19.955,15.182,8.864,5.379,19.424,5.985
2011-12,IND,Indiana Pacers,66,42,24,0.636,97.712,35.667,81.439,0.439,5.939,16.121,0.367,20.439,26.121,0.782,12.515,31.364,43.879,18.606,14.015,7.924,5.409,21.667,3.303
2011-12,LAL,Los Angeles Lakers,66,41,25,0.621,97.303,36.803,80.591,0.458,5.485,16.848,0.323,18.212,24.076,0.758,12.106,34.106,46.212,22.5,15.106,5.909,5.318,16.803,1.424
2011-12,MEM,Memphis Grizzlies,66,41,25,0.621,94.985,36.742,82.152,0.448,4.197,12.864,0.323,17.303,22.788,0.761,12.591,29.455,42.045,19.545,14.47,9.561,5.227,19.939,2.015
2011-12,ATL,Atlanta Hawks,66,40,26,0.606,96.591,36.803,81.03,0.455,7.455,20.152,0.372,15.53,20.985,0.749,9.879,31.303,41.182,22.439,13.955,8.121,4.591,17.848,3.439
2011-12,LAC,Los Angeles Clippers,66,40,26,0.606,97.545,36.955,81.303,0.456,7.788,21.833,0.352,15.848,23.303,0.674,12.121,29.439,41.561,20.985,13.318,8.424,4.773,21.197,2.561
2011-12,BOS,Boston Celtics,66,39,27,0.591,91.848,35.47,77.061,0.462,5.5,14.97,0.361,15.409,19.818,0.786,7.712,31.076,38.788,23.591,14.833,7.545,5.485,19.924,2.515
2011-12,DEN,Denver Nuggets,66,38,28,0.576,104.121,38.97,81.879,0.477,6.591,19.864,0.335,19.591,26.667,0.736,11.182,31.894,43.076,23.955,15.379,8.182,5.0,19.652,2.879
2011-12,ORL,Orlando Magic,66,37,29,0.561,94.167,34.47,78.212,0.44,10.152,27.045,0.374,15.076,22.848,0.658,11.242,31.212,42.455,20.015,14.909,6.833,4.167,17.697,0.788
2011-12,DAL,Dallas Mavericks,66,36,30,0.545,95.788,36.333,82.0,0.444,7.53,22.182,0.341,15.591,20.212,0.771,10.076,32.682,42.758,20.909,14.03,8.561,5.106,18.576,0.955
2011-12,NYK,New York Knicks,66,36,30,0.545,97.848,35.833,80.833,0.443,7.833,23.303,0.329,18.348,24.758,0.74,11.258,30.485,41.742,20.121,16.0,9.424,4.182,21.076,3.197
2011-12,UTA,Utah Jazz,66,36,30,0.545,99.652,38.227,83.803,0.458,4.136,12.803,0.318,19.061,25.273,0.755,13.045,31.136,44.182,21.803,14.182,8.258,5.833,21.833,0.621
2011-12,PHI,Philadelphia 76ers,66,35,31,0.53,93.636,37.439,83.576,0.449,5.288,14.591,0.353,13.47,18.152,0.742,10.667,32.485,43.152,22.015,11.182,7.97,5.152,17.53,4.242
2011-12,HOU,Houston Rockets,66,34,32,0.515,98.091,37.712,83.985,0.45,7.242,20.152,0.361,15.424,19.712,0.78,11.652,30.515,42.167,21.273,14.47,7.515,4.833,20.409,0.227
2011-12,PHX,Phoenix Suns,66,33,33,0.5,98.364,37.803,82.5,0.459,6.727,19.621,0.343,16.03,21.167,0.76,10.864,30.833,41.697,22.515,14.061,6.53,5.545,18.682,-0.242
2011-12,MIL,Milwaukee Bucks,66,31,35,0.47,99.015,37.909,85.636,0.443,6.606,19.167,0.339,16.591,21.439,0.779,12.424,30.045,42.47,23.485,14.076,8.303,5.076,19.288,0.273
2011-12,POR,Portland Trail Blazers,66,28,38,0.424,97.197,36.394,82.076,0.444,7.242,20.939,0.343,17.167,21.561,0.795,11.136,29.53,40.667,20.439,14.167,8.0,4.879,18.955,-0.621
2011-12,MIN,Minnesota Timberwolves,66,26,40,0.394,97.939,35.682,82.333,0.434,7.167,21.561,0.329,19.409,25.182,0.772,12.076,31.652,43.727,19.545,15.167,6.606,4.439,18.364,-2.197
2011-12,DET,Detroit Pistons,66,25,41,0.379,90.864,34.712,79.273,0.44,4.803,13.879,0.335,16.636,22.136,0.759,11.742,28.515,40.258,18.667,15.652,6.97,4.212,19.591,-4.788
2011-12,GSW,Golden State Warriors,66,23,43,0.348,97.773,37.712,82.47,0.458,7.939,20.47,0.38,14.409,18.712,0.77,9.697,29.5,39.197,22.273,13.864,8.0,5.485,21.364,-3.409
2011-12,TOR,Toronto Raptors,66,23,43,0.348,90.697,34.364,78.091,0.441,5.53,16.288,0.332,16.439,21.364,0.762,10.561,31.424,41.985,20.939,15.167,6.5,4.864,23.212,-3.303
2011-12,NJN,New Jersey Nets,66,22,44,0.333,93.091,34.273,80.606,0.426,7.682,22.439,0.335,16.864,21.712,0.782,11.864,28.47,40.333,19.864,15.076,7.47,3.939,19.212,-5.985
2011-12,SAC,Sacramento Kings,66,22,44,0.333,98.758,37.727,86.545,0.437,6.227,19.712,0.312,17.076,23.212,0.743,13.364,29.5,42.864,19.258,14.424,8.5,4.894,19.5,-5.682
2011-12,CLE,Cleveland Cavaliers,66,21,45,0.318,93.03,34.258,81.212,0.423,6.667,19.288,0.344,17.848,24.924,0.719,12.742,29.53,42.273,19.818,15.409,7.061,3.97,19.955,-7.197
2011-12,NOH,New Orleans Hornets,66,21,45,0.318,89.636,34.848,77.318,0.453,3.924,11.773,0.336,16.015,21.167,0.76,10.97,30.167,41.136,20.727,15.515,7.394,4.788,20.061,-3.758
2011-12,WAS,Washington Wizards,66,20,46,0.303,93.636,36.576,82.955,0.442,5.212,16.288,0.311,15.273,21.0,0.735,11.742,29.924,41.667,19.121,15.273,7.985,6.318,21.288,-4.803
2011-12,CHA,Charlotte Bobcats,66,7,59,0.106,86.955,33.227,80.197,0.415,3.985,13.515,0.288,16.515,22.152,0.743,10.258,28.697,38.955,20.091,14.5,6.015,5.47,18.924,-13.909
2012-13,MIA,Miami Heat,82,66,16,0.805,102.878,38.39,77.415,0.497,8.744,22.061,0.394,17.354,23.012,0.759,8.244,30.366,38.61,23.049,13.939,8.659,5.378,18.695,7.866
2012-13,OKC,Oklahoma City Thunder,82,60,22,0.732,105.72,38.122,79.317,0.481,7.293,19.366,0.377,22.183,26.78,0.829,10.415,33.232,43.646,21.378,15.28,8.28,7.61,20.171,9.207
2012-13,SAS,San Antonio Spurs,82,58,24,0.707,103.024,39.146,81.402,0.483,8.085,21.512,0.377,16.646,21.037,0.789,8.122,33.183,41.305,25.098,14.707,8.476,5.439,17.402,6.402
2012-13,DEN,Denver Nuggets,82,57,25,0.695,106.146,40.72,85.159,0.48,6.354,18.512,0.342,18.354,26.195,0.699,13.317,31.72,45.037,24.415,15.28,9.293,6.5,20.512,5.085
2012-13,LAC,Los Angeles Clippers,82,56,26,0.683,101.085,38.537,80.585,0.478,7.646,21.366,0.354,16.366,23.024,0.717,11.439,30.183,41.622,23.878,14.598,9.561,5.622,20.927,6.451
2012-13,MEM,Memphis Grizzlies,82,56,26,0.683,93.402,36.146,81.451,0.446,4.659,13.5,0.341,16.451,21.293,0.772,12.915,29.817,42.732,20.915,13.951,8.573,5.317,20.244,4.146
2012-13,NYK,New York Knicks,82,54,28,0.659,99.951,36.537,81.573,0.449,10.866,28.915,0.373,16.012,21.085,0.757,10.854,29.707,40.561,19.256,12.049,8.195,3.585,20.122,4.232
2012-13,IND,Indiana Pacers,81,49,32,0.605,94.741,35.123,80.556,0.438,6.852,19.741,0.349,17.642,23.642,0.75,12.877,32.975,45.852,20.309,15.148,7.16,6.333,20.037,4.025
2012-13,BKN,Brooklyn Nets,82,49,33,0.598,96.878,35.878,79.805,0.45,7.659,21.463,0.356,17.463,23.878,0.732,12.768,30.0,42.768,20.341,14.707,7.305,4.768,18.293,1.78
2012-13,GSW,Golden State Warriors,82,47,35,0.573,101.171,38.171,83.415,0.459,8.024,19.902,0.4,16.805,21.268,0.793,10.793,34.159,44.951,22.5,15.073,6.915,4.22,21.378,0.89
2012-13,CHI,Chicago Bulls,82,45,37,0.549,93.183,35.683,81.683,0.439,5.439,15.427,0.351,16.378,21.195,0.774,12.512,30.659,43.171,23.0,14.28,7.171,5.085,19.72,0.317
2012-13,HOU,Houston Rockets,82,45,37,0.549,105.951,38.098,82.707,0.461,10.573,28.89,0.366,19.183,25.451,0.755,11.085,32.341,43.427,23.195,16.439,8.28,4.378,20.268,3.476
2012-13,LAL,Los Angeles Lakers,82,45,37,0.549,102.207,37.085,80.976,0.46,8.72,24.573,0.353,19.317,27.915,0.696,11.488,33.317,44.805,22.171,15.024,7.024,5.232,17.89,1.159
2012-13,ATL,Atlanta Hawks,82,44,38,0.537,97.951,37.61,81.024,0.466,8.61,23.183,0.373,14.122,19.744,0.709,9.244,31.622,40.866,24.476,14.866,8.098,4.5,17.963,0.402
2012-13,UTA,Utah Jazz,82,43,39,0.524,98.024,37.146,81.829,0.455,6.183,16.89,0.358,17.549,22.963,0.759,12.061,29.963,42.024,22.671,14.756,8.415,6.28,21.341,-0.085
2012-13,BOS,Boston Celtics,81,41,40,0.506,96.519,37.049,79.741,0.466,6.148,17.16,0.36,16.272,20.963,0.776,8.074,31.272,39.346,22.753,14.58,8.235,4.506,21.198,-0.222
2012-13,DAL,Dallas Mavericks,82,41,41,0.5,101.134,38.805,84.049,0.463,7.39,19.854,0.366,16.134,20.354,0.792,9.354,32.561,41.915,23.244,13.951,7.902,5.537,20.707,-0.598
2012-13,MIL,Milwaukee Bucks,82,38,44,0.463,98.878,38.146,87.768,0.436,7.329,20.366,0.356,15.256,20.732,0.735,13.024,30.939,43.963,22.878,14.098,8.354,6.707,18.951,-1.5
2012-13,PHI,Philadelphia 76ers,82,34,48,0.415,93.171,37.305,84.085,0.445,6.317,17.537,0.359,12.244,16.793,0.724,10.927,30.402,41.329,22.768,13.049,7.427,4.683,18.354,-3.341
2012-13,TOR,Toronto Raptors,82,34,48,0.415,97.207,36.329,81.524,0.446,6.963,20.305,0.337,17.585,22.329,0.785,10.622,29.585,40.207,21.524,13.707,7.256,4.78,22.39,-1.476
2012-13,POR,Portland Trail Blazers,82,33,49,0.402,97.5,36.695,81.89,0.449,8.207,23.22,0.351,15.902,20.488,0.775,10.659,30.171,40.829,21.756,14.671,6.561,4.305,18.512,-3.171
2012-13,MIN,Minnesota Timberwolves,82,31,51,0.378,95.744,35.89,81.732,0.441,5.488,17.988,0.301,18.476,24.902,0.743,11.866,30.159,42.024,22.39,14.805,8.537,4.72,18.402,-2.366
2012-13,DET,Detroit Pistons,82,29,53,0.354,94.854,36.329,80.951,0.451,6.256,17.561,0.353,15.939,22.805,0.702,12.085,30.037,42.122,21.244,15.134,7.0,4.878,19.793,-3.988
2012-13,WAS,Washington Wizards,82,29,53,0.354,93.22,35.488,81.622,0.436,6.646,18.232,0.366,15.598,21.293,0.74,10.817,32.341,43.159,21.646,15.098,7.293,4.585,20.5,-2.537
2012-13,SAC,Sacramento Kings,82,28,54,0.341,100.232,37.634,84.195,0.448,7.439,20.5,0.358,17.524,22.793,0.766,11.5,29.085,40.585,20.829,14.622,8.183,4.171,20.939,-4.878
2012-13,NOH,New Orleans Hornets,82,27,55,0.329,94.073,36.037,80.354,0.449,6.524,17.976,0.358,15.476,19.951,0.78,12.049,29.585,41.634,20.988,14.549,6.341,5.366,20.402,-3.866
2012-13,PHX,Phoenix Suns,82,25,57,0.305,95.183,37.329,84.354,0.444,5.854,17.744,0.328,14.671,19.732,0.746,11.695,29.927,41.622,22.622,15.585,8.037,5.293,20.585,-6.463
2012-13,CLE,Cleveland Cavaliers,82,24,58,0.293,96.5,36.5,84.159,0.435,6.671,19.28,0.344,16.829,22.268,0.755,12.244,28.768,41.012,20.659,14.012,7.89,4.073,21.183,-4.683
2012-13,CHA,Charlotte Bobcats,82,21,61,0.256,93.427,34.427,81.085,0.425,5.72,17.061,0.334,18.854,25.122,0.754,11.183,29.134,40.317,19.354,14.061,7.207,5.841,19.037,-9.232
2012-13,ORL,Orlando Magic,82,20,62,0.244,94.122,37.72,84.195,0.448,6.171,18.744,0.322,12.512,16.573,0.761,10.854,31.854,42.707,22.817,14.524,6.439,4.366,19.402,-6.988
2013-14,SAS,San Antonio Spurs,82,62,20,0.756,105.354,40.561,83.463,0.487,8.512,21.427,0.397,15.72,20.024,0.781,9.293,33.976,43.268,25.171,14.39,7.366,5.122,18.232,7.72
2013-14,OKC,Oklahoma City Thunder,82,59,23,0.72,106.159,38.951,82.707,0.472,8.098,22.427,0.364,20.159,25.024,0.804,10.817,33.915,44.732,21.878,15.317,8.268,6.11,22.659,6.341
2013-14,LAC,Los Angeles Clippers,82,57,25,0.695,107.927,39.122,82.451,0.475,8.451,23.976,0.351,21.232,29.073,0.732,10.463,32.537,43.0,24.585,13.854,8.573,4.841,21.549,6.976
2013-14,IND,Indiana Pacers,82,56,26,0.683,96.744,35.963,80.159,0.45,6.707,18.805,0.356,18.11,23.256,0.779,10.171,34.524,44.695,20.134,15.085,6.707,5.439,20.427,4.402
2013-14,HOU,Houston Rockets,82,54,28,0.659,107.671,38.024,80.524,0.474,9.5,26.573,0.357,22.122,31.085,0.714,11.22,34.11,45.329,21.402,16.134,7.573,5.622,20.439,4.561
2013-14,MIA,Miami Heat,82,54,28,0.659,102.195,38.317,76.488,0.502,8.11,22.305,0.364,17.451,22.976,0.763,7.646,29.232,36.878,22.524,14.78,8.927,4.476,19.463,4.756
2013-14,POR,Portland Trail Blazers,82,54,28,0.659,106.744,39.11,87.0,0.45,9.39,25.256,0.371,19.134,23.488,0.815,12.463,33.976,46.439,23.22,13.72,5.537,4.72,19.22,3.988
2013-14,GSW,Golden State Warriors,82,51,31,0.622,104.256,39.463,85.427,0.462,9.439,24.841,0.379,15.89,21.11,0.756,10.927,34.378,45.305,23.317,15.207,7.829,4.963,21.756,4.805
2013-14,MEM,Memphis Grizzlies,82,50,32,0.61,96.146,38.073,81.988,0.465,4.939,13.988,0.352,15.061,20.317,0.736,11.585,30.805,42.39,21.854,13.707,7.695,4.573,19.122,1.573
2013-14,DAL,Dallas Mavericks,82,49,33,0.598,104.841,39.622,83.634,0.475,8.793,22.89,0.382,16.805,21.134,0.789,10.244,30.659,40.902,23.598,13.537,8.585,4.341,19.951,2.402
2013-14,CHI,Chicago Bulls,82,48,34,0.585,93.659,34.671,80.207,0.433,6.195,17.793,0.347,18.122,23.268,0.781,11.427,32.72,44.146,22.683,14.915,7.244,5.171,19.085,1.854
2013-14,PHX,Phoenix Suns,82,48,34,0.585,105.232,38.683,83.476,0.465,9.329,25.061,0.376,18.537,24.439,0.752,11.317,31.72,43.037,19.061,15.341,8.39,4.561,21.927,2.634
2013-14,TOR,Toronto Raptors,82,48,34,0.585,101.28,36.488,81.927,0.447,8.695,23.378,0.37,19.61,25.061,0.78,11.402,31.122,42.524,21.183,14.134,7.037,4.183,22.951,3.244
2013-14,BKN,Brooklyn Nets,82,44,38,0.537,98.524,35.744,77.939,0.46,8.646,23.439,0.362,18.39,24.415,0.754,8.793,29.354,38.146,20.902,14.524,8.598,3.793,21.671,-1.0
2013-14,WAS,Washington Wizards,82,44,38,0.537,100.659,38.744,84.39,0.461,7.89,20.78,0.376,15.28,20.915,0.731,10.805,31.378,42.183,23.28,14.683,8.146,4.598,20.427,1.268
2013-14,CHA,Charlotte Bobcats,82,43,39,0.524,96.854,36.293,82.073,0.443,6.293,17.939,0.35,17.976,24.39,0.739,9.463,33.22,42.683,21.683,12.317,6.085,5.134,18.207,-0.22
2013-14,MIN,Minnesota Timberwolves,82,40,42,0.488,106.927,38.89,87.5,0.446,7.317,21.427,0.338,21.829,28.061,0.781,12.488,32.244,44.732,23.939,13.927,8.756,3.622,18.341,2.671
2013-14,ATL,Atlanta Hawks,82,38,44,0.463,101.0,37.329,81.561,0.459,9.366,25.805,0.36,16.976,21.732,0.783,8.695,31.28,39.976,24.89,15.256,8.293,3.976,19.232,-0.476
2013-14,NYK,New York Knicks,82,37,45,0.451,98.585,36.915,82.183,0.451,9.256,24.854,0.369,15.5,20.366,0.76,10.61,29.72,40.329,20.012,12.963,7.695,4.476,22.134,-0.793
2013-14,DEN,Denver Nuggets,82,36,46,0.439,104.378,38.378,85.878,0.447,8.561,23.89,0.357,19.061,26.268,0.727,12.305,33.134,45.439,22.415,15.915,7.5,5.598,23.049,-2.146
2013-14,NOP,New Orleans Pelicans,82,34,48,0.415,99.72,37.817,82.451,0.46,5.927,15.89,0.372,18.159,23.61,0.772,11.378,30.317,41.695,21.28,13.768,7.89,6.378,22.646,-2.707
2013-14,CLE,Cleveland Cavaliers,82,33,49,0.402,98.22,37.024,84.817,0.438,7.122,20.0,0.355,17.049,22.695,0.75,12.061,32.061,44.122,21.195,14.183,7.061,3.707,20.0,-3.293
2013-14,DET,Detroit Pistons,82,29,53,0.354,101.049,38.805,86.878,0.447,6.183,19.268,0.312,17.256,25.744,0.669,14.585,30.793,45.378,20.902,14.549,8.378,4.817,20.317,-3.659
2013-14,SAC,Sacramento Kings,82,28,54,0.341,100.5,36.902,82.512,0.448,5.988,17.988,0.328,20.707,27.28,0.758,12.073,32.39,44.463,18.866,15.232,7.159,3.878,22.549,-2.902
2013-14,LAL,Los Angeles Lakers,82,27,55,0.329,102.951,38.28,85.122,0.451,9.439,24.78,0.377,16.951,22.378,0.758,9.085,31.951,41.037,24.463,15.11,7.451,5.439,19.841,-6.293
2013-14,BOS,Boston Celtics,82,25,57,0.305,96.244,36.537,83.939,0.437,7.012,21.085,0.327,16.159,20.805,0.785,11.951,30.549,42.5,21.049,15.378,7.122,4.183,21.256,-4.463
2013-14,UTA,Utah Jazz,82,25,57,0.305,95.012,35.988,81.122,0.444,6.622,19.232,0.344,16.415,21.988,0.748,11.024,30.207,41.232,20.293,14.634,6.951,4.463,20.72,-7.171
2013-14,ORL,Orlando Magic,82,23,59,0.28,96.512,36.854,82.732,0.446,6.866,19.463,0.354,15.939,20.902,0.765,9.683,32.366,42.049,21.049,14.902,7.683,4.268,20.463,-5.439
2013-14,PHI,Philadelphia 76ers,82,19,63,0.232,99.451,37.902,87.195,0.437,7.037,22.524,0.313,16.61,23.39,0.707,11.573,31.171,42.744,21.841,16.878,9.329,4.024,22.488,-10.451
2013-14,MIL,Milwaukee Bucks,82,15,67,0.183,95.476,36.0,82.159,0.44,6.683,18.939,0.357,16.793,22.476,0.745,11.841,29.256,41.098,21.463,15.098,6.598,4.915,20.89,-8.183
2014-15,GSW,Golden State Warriors,82,67,15,0.817,109.951,41.585,87.037,0.479,10.768,27.037,0.398,16.012,20.841,0.767,10.402,34.317,44.72,27.415,14.451,9.293,6.049,19.854,10.098
2014-15,ATL,Atlanta Hawks,82,60,22,0.732,102.549,38.061,81.695,0.467,9.976,26.244,0.38,16.451,21.159,0.777,8.72,31.841,40.561,25.744,14.232,9.073,4.634,17.768,5.427
2014-15,HOU,Houston Rockets,82,56,26,0.683,103.927,36.976,83.317,0.445,11.378,32.683,0.348,18.598,26.012,0.718,11.683,32.0,43.683,22.195,16.659,9.476,4.963,21.988,3.439
2014-15,LAC,Los Angeles Clippers,82,56,26,0.683,106.72,39.366,83.293,0.474,10.085,26.854,0.372,17.902,25.207,0.711,9.561,33.061,42.622,24.768,12.341,7.805,4.988,21.329,6.585
2014-15,MEM,Memphis Grizzlies,82,55,27,0.671,98.317,37.768,82.476,0.459,5.159,15.195,0.336,17.622,22.793,0.78,10.439,32.122,42.561,21.671,13.341,8.537,4.232,19.11,3.244
2014-15,SAS,San Antonio Spurs,82,55,27,0.671,103.183,39.122,83.585,0.47,8.256,22.524,0.362,16.683,21.39,0.782,9.829,33.805,43.634,24.39,13.976,8.012,5.415,19.073,6.195
2014-15,CLE,Cleveland Cavaliers,82,53,29,0.646,103.134,37.671,82.183,0.459,10.073,27.476,0.364,17.72,23.585,0.745,11.11,31.854,42.963,22.122,14.28,7.354,4.146,18.415,4.476
2014-15,POR,Portland Trail Blazers,82,51,31,0.622,102.793,38.72,85.963,0.451,9.841,27.207,0.361,15.512,19.378,0.803,10.72,35.134,45.854,21.939,13.622,6.402,4.537,18.22,4.232
2014-15,CHI,Chicago Bulls,82,50,32,0.61,100.793,36.598,82.89,0.443,7.866,22.256,0.354,19.732,25.207,0.782,11.695,34.049,45.744,21.72,13.963,6.268,5.805,18.232,3.0
2014-15,DAL,Dallas Mavericks,82,50,32,0.61,105.22,39.695,85.805,0.464,8.927,25.39,0.349,16.902,22.476,0.756,10.463,31.805,42.268,22.512,12.951,8.085,4.524,20.049,2.902
2014-15,TOR,Toronto Raptors,82,49,33,0.598,103.988,37.902,83.28,0.456,8.854,25.122,0.351,19.329,24.561,0.79,10.744,30.805,41.549,20.744,12.89,7.5,4.354,20.878,3.073
2014-15,WAS,Washington Wizards,82,46,36,0.561,98.537,38.28,82.805,0.465,6.061,16.841,0.362,15.915,21.439,0.739,10.512,34.159,44.671,24.012,15.037,7.329,4.61,20.817,0.72
2014-15,NOP,New Orleans Pelicans,82,45,37,0.549,99.354,37.902,82.866,0.459,7.146,19.305,0.372,16.402,21.829,0.748,11.488,31.963,43.451,22.024,13.256,6.744,6.22,18.659,0.793
2014-15,OKC,Oklahoma City Thunder,82,45,37,0.549,103.951,38.829,86.817,0.448,7.707,22.732,0.336,18.585,24.634,0.741,12.829,34.683,47.512,20.5,14.695,7.293,5.537,22.305,2.183
2014-15,MIL,Milwaukee Bucks,82,41,41,0.5,97.841,37.598,81.976,0.461,6.646,18.293,0.364,16.0,21.146,0.753,10.683,31.39,42.073,23.561,16.744,9.622,4.915,22.122,0.427
2014-15,BOS,Boston Celtics,82,40,42,0.488,101.366,38.939,87.939,0.444,8.049,24.646,0.326,15.439,20.463,0.757,11.098,32.744,43.841,24.5,13.817,8.22,3.585,21.195,0.159
2014-15,PHX,Phoenix Suns,82,39,43,0.476,102.402,38.756,85.829,0.452,8.512,24.976,0.338,16.378,21.549,0.759,10.927,32.232,43.159,20.232,15.098,8.537,4.695,21.268,-0.902
2014-15,BKN,Brooklyn Nets,82,38,44,0.463,98.024,37.427,82.976,0.452,6.598,19.915,0.327,16.573,22.159,0.748,10.317,32.037,42.354,20.927,13.817,7.024,4.146,19.256,-2.878
2014-15,IND,Indiana Pacers,82,38,44,0.463,97.329,36.561,83.22,0.441,7.463,21.22,0.352,16.744,22.159,0.758,10.439,34.415,44.854,21.427,13.988,6.159,4.573,21.244,0.28
2014-15,UTA,Utah Jazz,82,38,44,0.463,95.134,35.366,79.171,0.448,7.439,21.72,0.344,16.963,23.524,0.723,12.049,31.915,43.963,19.902,15.317,7.598,5.963,19.305,0.22
2014-15,MIA,Miami Heat,82,37,45,0.451,94.683,35.183,77.195,0.457,6.78,20.232,0.336,17.537,23.659,0.742,9.11,30.012,39.122,19.829,14.805,7.829,4.537,19.951,-2.598
2014-15,CHA,Charlotte Hornets,82,33,49,0.402,94.159,35.524,84.537,0.421,6.073,19.098,0.313,17.037,22.768,0.748,10.0,34.061,44.061,20.171,11.902,6.085,5.463,18.22,-3.171
2014-15,DET,Detroit Pistons,82,32,50,0.39,98.5,37.085,85.829,0.433,8.573,24.915,0.34,15.756,22.415,0.703,12.817,32.073,44.89,21.598,13.402,7.598,4.671,19.012,-1.0
2014-15,DEN,Denver Nuggets,82,30,52,0.366,101.463,37.793,87.293,0.434,8.049,24.78,0.327,17.829,24.28,0.733,12.341,32.354,44.695,21.805,14.22,7.817,4.476,22.951,-3.549
2014-15,SAC,Sacramento Kings,82,29,53,0.354,101.341,36.707,80.695,0.456,5.622,16.463,0.34,22.305,29.268,0.76,10.915,33.268,44.183,20.329,16.256,6.707,3.951,20.683,-3.707
2014-15,ORL,Orlando Magic,82,25,57,0.305,95.695,37.512,82.829,0.454,6.756,19.488,0.348,13.915,19.085,0.736,10.024,31.793,41.817,20.634,14.89,7.89,3.829,20.902,-5.72
2014-15,LAL,Los Angeles Lakers,82,21,61,0.256,98.451,37.244,85.61,0.436,6.488,18.854,0.34,17.476,23.598,0.739,11.61,32.28,43.89,20.915,13.244,7.049,4.463,21.232,-6.841
2014-15,PHI,Philadelphia 76ers,82,18,64,0.22,91.976,33.72,82.646,0.409,8.439,26.341,0.315,16.098,23.817,0.678,11.927,30.927,42.854,20.524,17.72,9.622,5.939,21.683,-8.976
2014-15,NYK,New York Knicks,82,17,65,0.207,91.89,35.146,82.024,0.43,6.829,19.683,0.353,14.768,19.207,0.767,10.573,29.793,40.366,21.293,14.707,7.012,4.659,21.561,-9.317
2014-15,MIN,Minnesota Timberwolves,82,16,66,0.195,97.756,36.415,83.171,0.439,4.951,14.915,0.325,19.976,25.732,0.774,11.573,29.341,40.915,21.598,15.012,8.146,3.988,19.159,-8.793
2015-16,GSW,Golden State Warriors,82,73,9,0.89,114.89,42.549,87.305,0.488,13.134,31.61,0.414,16.659,21.829,0.768,9.951,36.244,46.195,28.939,15.183,8.402,6.073,20.744,10.756
2015-16,SAS,San Antonio Spurs,82,67,15,0.817,103.537,40.11,82.89,0.485,6.951,18.512,0.38,16.366,20.39,0.808,9.39,34.524,43.915,24.512,13.061,8.256,5.915,17.476,10.634
2015-16,CLE,Cleveland Cavaliers,82,57,25,0.695,104.329,38.671,84.0,0.462,10.732,29.61,0.362,16.256,21.744,0.749,10.646,33.866,44.512,22.695,13.585,6.72,3.866,20.317,6.0
2015-16,TOR,Toronto Raptors,82,56,26,0.683,102.707,36.659,81.329,0.453,8.634,23.354,0.366,20.756,26.707,0.779,10.195,33.22,43.415,18.732,13.085,7.756,5.476,19.634,4.5
2015-16,OKC,Oklahoma City Thunder,82,55,27,0.671,110.22,41.122,86.366,0.477,8.268,23.72,0.35,19.707,25.207,0.786,13.061,35.561,48.622,22.963,15.915,7.354,5.939,20.622,7.28
2015-16,LAC,LA Clippers,82,53,29,0.646,104.5,38.305,82.427,0.466,9.72,26.707,0.365,18.171,26.244,0.707,8.793,33.256,42.049,22.841,12.963,8.646,5.61,21.293,4.28
2015-16,ATL,Atlanta Hawks,82,48,34,0.585,102.841,38.634,84.427,0.459,9.939,28.366,0.352,15.634,19.976,0.778,8.28,33.805,42.085,25.61,14.951,9.11,5.927,19.146,3.61
2015-16,BOS,Boston Celtics,82,48,34,0.585,105.72,39.22,89.244,0.44,8.744,26.122,0.335,18.537,23.524,0.789,11.585,33.329,44.915,24.159,13.744,9.171,4.244,21.902,3.207
2015-16,CHA,Charlotte Hornets,82,48,34,0.585,103.402,37.024,84.415,0.439,10.646,29.39,0.362,18.707,23.671,0.795,8.951,34.988,43.939,21.683,12.549,7.256,5.341,18.134,2.72
2015-16,MIA,Miami Heat,82,48,34,0.585,100.049,38.415,81.671,0.472,6.073,18.049,0.333,17.146,23.037,0.748,9.841,34.28,44.122,20.841,14.085,6.744,6.476,18.317,1.646
2015-16,IND,Indiana Pacers,82,45,37,0.549,102.159,38.317,85.183,0.451,8.085,23.037,0.349,17.439,22.829,0.763,10.329,33.89,44.22,21.232,14.866,9.049,4.768,20.012,1.707
2015-16,DET,Detroit Pistons,82,44,38,0.537,101.963,37.939,86.427,0.44,9.024,26.195,0.344,17.061,25.549,0.675,12.451,33.866,46.317,19.439,13.537,6.988,3.707,18.988,0.61
2015-16,POR,Portland Trail Blazers,82,44,38,0.537,105.146,38.622,85.854,0.451,10.537,28.488,0.369,17.366,23.037,0.752,11.561,33.927,45.488,21.317,14.634,6.854,4.634,21.732,0.829
2015-16,CHI,Chicago Bulls,82,42,40,0.512,101.646,38.598,87.439,0.443,7.939,21.378,0.369,16.512,20.976,0.782,11.061,35.232,46.293,22.805,13.915,6.037,5.732,18.841,-1.476
2015-16,DAL,Dallas Mavericks,82,42,40,0.512,102.293,37.366,84.146,0.445,9.829,28.561,0.343,17.732,22.329,0.793,9.159,33.915,43.073,22.11,12.768,6.829,3.732,19.451,-0.305
2015-16,MEM,Memphis Grizzlies,82,42,40,0.512,99.098,36.817,83.646,0.442,6.146,18.549,0.328,19.317,24.683,0.782,11.171,30.451,41.622,20.695,13.293,8.829,4.268,21.744,-2.244
2015-16,HOU,Houston Rockets,82,41,41,0.5,106.549,37.732,83.5,0.452,10.707,30.89,0.348,20.378,29.354,0.7,11.341,31.72,43.061,22.207,15.939,10.012,5.244,21.829,0.195
2015-16,WAS,Washington Wizards,82,41,41,0.5,104.073,39.488,85.768,0.461,8.646,24.183,0.358,16.451,22.549,0.733,9.061,32.78,41.841,24.451,14.463,8.634,3.939,20.829,-0.5
2015-16,UTA,Utah Jazz,82,40,42,0.488,97.683,36.061,80.402,0.45,8.463,23.854,0.356,17.098,22.988,0.745,10.732,32.5,43.232,18.951,14.927,7.695,5.183,20.183,1.793
2015-16,ORL,Orlando Magic,82,35,47,0.427,102.061,39.537,86.829,0.457,7.756,22.171,0.35,15.232,20.11,0.758,10.28,33.037,43.317,23.573,14.085,8.207,5.085,20.744,-1.622
2015-16,DEN,Denver Nuggets,82,33,49,0.402,101.89,37.72,85.402,0.442,8.0,23.695,0.337,18.451,24.073,0.77,11.476,33.146,44.622,22.659,14.659,7.427,4.817,21.012,-3.098
2015-16,MIL,Milwaukee Bucks,82,33,49,0.402,99.049,38.354,82.195,0.467,5.366,15.573,0.345,16.976,22.72,0.747,10.463,31.207,41.671,23.11,15.207,8.195,5.793,20.671,-4.183
2015-16,SAC,Sacramento Kings,82,33,49,0.402,106.585,40.037,86.378,0.465,8.049,22.427,0.36,18.463,25.476,0.719,10.585,33.659,44.244,24.5,16.171,8.939,4.488,20.439,-2.476
2015-16,NYK,New York Knicks,82,32,50,0.39,98.354,36.854,83.976,0.44,7.439,21.488,0.343,17.207,21.378,0.81,10.366,34.0,44.366,20.512,13.402,5.695,5.683,19.707,-2.732
2015-16,NOP,New Orleans Pelicans,82,30,52,0.366,102.72,38.451,85.854,0.449,8.561,23.793,0.358,17.256,22.232,0.779,9.537,33.073,42.61,22.171,13.439,7.72,4.171,20.89,-3.793
2015-16,MIN,Minnesota Timberwolves,82,29,53,0.354,102.415,37.744,81.317,0.465,5.549,16.427,0.336,21.378,26.988,0.795,10.012,31.549,41.561,23.366,15.012,8.0,4.573,20.683,-3.537
2015-16,PHX,Phoenix Suns,82,23,59,0.28,100.866,37.207,85.585,0.435,9.0,25.829,0.344,17.451,23.232,0.747,11.5,33.329,44.829,20.744,17.195,7.707,3.817,22.659,-6.659
2015-16,BKN,Brooklyn Nets,82,21,61,0.256,98.646,38.244,84.39,0.454,6.476,18.39,0.348,15.683,20.72,0.752,10.524,31.878,42.402,22.305,14.78,7.646,4.049,18.0,-7.354
2015-16,LAL,Los Angeles Lakers,82,17,65,0.207,97.341,35.122,84.829,0.415,7.793,24.585,0.318,19.305,24.732,0.778,10.707,32.256,42.963,18.024,13.707,7.232,4.11,20.268,-9.561
2015-16,PHI,Philadelphia 76ers,82,10,72,0.122,97.415,36.22,83.988,0.433,9.317,27.5,0.337,15.659,22.561,0.698,9.476,31.768,41.244,21.524,16.378,8.293,6.037,21.707,-10.232
2016-17,GSW,Golden State Warriors,82,67,15,0.817,115.89,43.073,87.073,0.496,11.976,31.244,0.386,17.768,22.561,0.784,9.39,35.037,44.427,30.378,14.768,9.573,6.768,19.329,11.634
2016-17,SAS,San Antonio Spurs,82,61,21,0.744,105.329,39.293,83.707,0.47,9.183,23.5,0.394,17.561,22.024,0.797,10.012,33.866,43.878,23.829,13.427,7.988,5.902,18.268,7.195
2016-17,HOU,Houston Rockets,82,55,27,0.671,115.341,40.305,87.22,0.463,14.402,40.317,0.356,20.329,26.549,0.765,10.878,33.488,44.366,25.244,15.122,8.171,4.293,19.927,5.768
2016-17,BOS,Boston Celtics,82,53,29,0.646,108.012,38.634,85.085,0.455,12.012,33.427,0.359,18.732,23.207,0.81,9.061,32.902,41.963,25.232,13.268,7.524,4.146,20.561,2.634
2016-17,CLE,Cleveland Cavaliers,82,51,31,0.622,110.341,39.939,84.915,0.471,13.012,33.89,0.382,17.451,23.329,0.744,9.341,34.402,43.744,22.659,13.671,6.573,3.988,18.122,3.183
2016-17,LAC,LA Clippers,82,51,31,0.622,108.671,39.537,83.171,0.476,10.256,27.378,0.374,19.341,25.951,0.749,9.0,34.024,43.024,22.537,12.951,7.463,4.232,19.829,4.293
2016-17,TOR,Toronto Raptors,82,51,31,0.622,106.854,39.159,84.366,0.465,8.841,24.341,0.365,19.695,24.732,0.796,10.622,32.634,43.256,18.5,12.695,8.256,4.878,20.829,4.207
2016-17,UTA,Utah Jazz,82,51,31,0.622,100.707,36.988,79.451,0.467,9.646,25.951,0.372,17.085,22.866,0.746,9.402,33.829,43.232,20.134,13.634,6.707,5.0,18.841,3.939
2016-17,WAS,Washington Wizards,82,49,33,0.598,109.183,41.317,87.037,0.476,9.22,24.756,0.374,17.329,22.098,0.787,10.28,32.573,42.854,23.854,14.171,8.451,4.098,21.28,1.805
2016-17,OKC,Oklahoma City Thunder,82,47,35,0.573,106.598,39.476,87.427,0.452,8.439,25.805,0.327,19.207,25.768,0.748,12.22,34.402,46.622,20.988,15.0,7.902,4.976,20.915,0.756
2016-17,ATL,Atlanta Hawks,82,43,39,0.524,103.159,38.085,84.366,0.452,8.89,26.061,0.341,18.098,24.866,0.726,10.268,34.061,44.329,23.634,15.78,8.195,4.841,18.183,-0.854
2016-17,MEM,Memphis Grizzlies,82,43,39,0.524,100.476,36.39,83.585,0.437,9.354,26.451,0.351,18.341,23.39,0.779,10.805,31.963,42.768,21.268,12.915,7.963,4.195,22.439,0.488
2016-17,IND,Indiana Pacers,82,42,40,0.512,105.098,39.28,84.524,0.466,8.646,22.988,0.372,17.89,22.085,0.806,9.049,32.951,42.0,22.488,13.78,8.159,4.988,19.476,-0.22
2016-17,MIL,Milwaukee Bucks,82,42,40,0.512,103.622,38.805,81.89,0.475,8.78,23.732,0.372,17.232,22.427,0.768,8.817,31.573,40.39,24.195,13.963,8.122,5.317,20.244,-0.183
2016-17,CHI,Chicago Bulls,82,41,41,0.5,102.866,38.646,87.085,0.445,7.598,22.329,0.334,17.976,22.537,0.797,12.183,34.11,46.293,22.573,13.561,7.841,4.793,17.744,0.427
2016-17,MIA,Miami Heat,82,41,41,0.5,103.171,39.049,85.817,0.456,9.854,26.988,0.361,15.22,21.561,0.708,10.634,32.988,43.622,21.244,13.439,7.171,5.72,20.488,1.061
2016-17,POR,Portland Trail Blazers,82,41,41,0.5,107.939,39.549,86.085,0.461,10.39,27.707,0.375,18.451,23.659,0.779,10.122,33.537,43.659,21.134,13.732,7.0,4.976,21.171,-0.524
2016-17,DEN,Denver Nuggets,82,40,42,0.488,111.72,41.183,87.732,0.471,10.61,28.841,0.368,18.744,24.22,0.772,11.78,34.598,46.378,25.329,14.951,6.927,3.939,19.11,0.512
2016-17,DET,Detroit Pistons,82,37,45,0.451,101.329,39.866,88.805,0.449,7.695,23.354,0.327,13.902,19.341,0.722,11.073,34.61,45.683,21.122,11.866,7.0,3.78,17.89,-1.122
2016-17,CHA,Charlotte Hornets,82,36,46,0.439,104.89,37.72,85.366,0.443,10.049,28.622,0.348,19.402,23.817,0.816,8.793,34.793,43.585,23.061,11.488,6.963,4.756,16.585,0.195
2016-17,NOP,New Orleans Pelicans,82,34,48,0.415,104.341,39.146,86.951,0.451,9.366,26.78,0.347,16.683,22.256,0.747,8.573,35.11,43.683,22.793,12.854,7.78,5.524,18.171,-2.098
2016-17,DAL,Dallas Mavericks,82,33,49,0.402,97.915,36.195,82.317,0.44,10.707,30.159,0.355,14.817,18.488,0.797,7.89,30.683,38.573,20.793,11.854,7.488,3.744,19.11,-2.927
2016-17,SAC,Sacramento Kings,82,32,50,0.39,102.805,37.866,82.122,0.462,8.988,23.902,0.38,18.085,23.329,0.77,8.72,32.341,41.061,22.488,14.646,7.646,3.951,20.329,-3.878
2016-17,MIN,Minnesota Timberwolves,82,31,51,0.378,105.573,39.451,84.415,0.468,7.329,21.012,0.346,19.341,24.22,0.798,11.439,30.976,42.415,23.659,14.024,7.976,4.512,20.073,-1.11
2016-17,NYK,New York Knicks,82,31,51,0.378,104.341,39.561,88.488,0.448,8.585,24.659,0.349,16.634,21.11,0.786,11.988,33.207,45.195,21.78,13.89,7.085,5.549,20.341,-3.671
2016-17,ORL,Orlando Magic,82,29,53,0.354,101.073,38.28,86.988,0.44,8.549,26.085,0.329,15.963,21.378,0.748,9.841,33.341,43.183,22.195,13.305,7.073,4.829,19.317,-6.573
2016-17,PHI,Philadelphia 76ers,82,28,54,0.341,102.439,37.659,85.268,0.443,10.134,29.793,0.34,16.988,22.024,0.766,9.841,33.0,42.841,23.768,16.659,8.439,5.122,21.866,-5.695
2016-17,LAL,Los Angeles Lakers,82,26,56,0.317,104.573,39.317,87.366,0.45,8.902,25.732,0.342,17.037,22.598,0.755,11.378,32.146,43.524,20.927,15.159,8.22,3.902,20.707,-6.878
2016-17,PHX,Phoenix Suns,82,24,58,0.293,107.695,39.878,88.537,0.452,7.5,22.61,0.333,20.439,26.329,0.776,11.902,33.073,44.976,19.561,15.427,8.207,4.866,24.756,-5.634
2016-17,BKN,Brooklyn Nets,82,20,62,0.244,105.768,37.829,85.207,0.445,10.695,31.598,0.337,19.415,24.634,0.787,8.793,35.11,43.902,21.415,16.537,7.232,4.72,21.049,-6.732
2017-18,HOU,Houston Rockets,82,65,17,0.793,112.354,38.707,84.22,0.46,15.317,42.317,0.364,19.622,25.134,0.78,9.012,34.451,43.463,21.549,13.841,8.524,4.78,19.476,8.476
2017-18,TOR,Toronto Raptors,82,59,23,0.72,111.659,41.256,87.427,0.473,11.805,32.988,0.357,17.341,21.829,0.788,9.756,34.232,43.988,24.329,13.354,7.634,6.098,21.744,7.78
2017-18,GSW,Golden State Warriors,82,58,24,0.707,113.463,42.793,85.11,0.504,11.293,28.89,0.389,16.585,20.341,0.814,8.427,35.085,43.512,29.293,15.427,8.0,7.463,19.598,5.976
2017-18,BOS,Boston Celtics,82,55,27,0.671,104.012,38.305,85.061,0.451,11.451,30.39,0.381,15.951,20.695,0.772,9.354,35.098,44.451,22.463,14.0,7.366,4.549,19.732,3.585
2017-18,PHI,Philadelphia 76ers,82,52,30,0.634,109.805,40.841,86.561,0.472,10.988,29.817,0.367,17.134,22.78,0.759,10.89,36.537,47.427,27.085,16.5,8.317,5.122,22.085,4.5
2017-18,CLE,Cleveland Cavaliers,82,50,32,0.61,110.866,40.378,84.756,0.477,11.963,32.146,0.372,18.146,23.28,0.778,8.463,33.671,42.134,23.366,13.732,7.098,3.805,18.585,0.939
2017-18,POR,Portland Trail Blazers,82,49,33,0.598,105.622,39.293,86.976,0.453,10.305,28.146,0.367,16.732,20.915,0.805,10.183,35.28,45.463,19.5,13.524,6.988,5.159,19.5,2.598
2017-18,IND,Indiana Pacers,82,48,34,0.585,105.561,40.793,86.378,0.473,9.037,24.512,0.366,14.939,19.183,0.781,9.61,32.732,42.341,22.183,13.268,8.793,4.146,18.829,1.378
2017-18,NOP,New Orleans Pelicans,82,48,34,0.585,111.72,42.683,88.305,0.484,10.207,28.195,0.359,16.146,20.927,0.774,8.683,35.646,44.329,26.768,14.915,8.012,5.915,19.146,1.305
2017-18,OKC,Oklahoma City Thunder,82,48,34,0.585,107.854,39.89,88.061,0.453,10.744,30.378,0.352,17.329,24.207,0.715,12.488,32.573,45.061,21.341,13.988,9.061,5.024,20.159,3.415
2017-18,UTA,Utah Jazz,82,48,34,0.585,104.146,38.28,82.89,0.462,10.817,29.573,0.367,16.768,21.537,0.783,9.024,34.232,43.256,22.427,14.695,8.634,5.122,19.61,4.305
2017-18,MIN,Minnesota Timberwolves,82,47,35,0.573,109.512,41.037,86.134,0.478,8.024,22.5,0.358,19.415,24.146,0.802,10.341,31.622,41.963,22.695,12.451,8.402,4.207,18.232,2.232
2017-18,SAS,San Antonio Spurs,82,47,35,0.573,102.732,39.049,85.354,0.458,8.488,24.11,0.352,16.146,20.915,0.778,10.354,33.866,44.22,22.78,13.146,7.659,5.61,17.171,2.89
2017-18,DEN,Denver Nuggets,82,46,36,0.561,110.0,40.707,86.61,0.47,11.463,30.927,0.367,17.122,22.317,0.771,11.0,33.512,44.512,25.11,14.951,7.646,4.927,18.695,1.476
2017-18,MIA,Miami Heat,82,44,38,0.537,103.415,38.829,85.329,0.456,11.012,30.561,0.358,14.744,19.524,0.756,9.305,34.159,43.463,22.707,14.366,7.561,5.329,20.098,0.476
2017-18,MIL,Milwaukee Bucks,82,44,38,0.537,106.476,39.72,83.012,0.479,8.756,24.683,0.356,18.28,23.354,0.784,8.39,31.451,39.841,23.232,13.841,8.805,5.402,21.366,-0.305
2017-18,WAS,Washington Wizards,82,43,39,0.524,106.61,39.939,85.585,0.468,9.927,26.5,0.373,16.805,21.78,0.775,10.037,33.085,43.122,25.183,14.585,7.866,4.305,21.293,0.585
2017-18,LAC,LA Clippers,82,42,40,0.512,108.988,40.268,85.415,0.473,9.476,26.78,0.351,18.976,25.549,0.739,10.146,33.732,43.878,22.341,14.683,7.659,4.537,19.976,0.037
2017-18,DET,Detroit Pistons,82,39,43,0.476,103.768,39.122,86.939,0.45,10.805,28.939,0.372,14.72,19.768,0.741,10.122,33.61,43.732,22.78,13.439,7.659,3.866,18.39,-0.146
2017-18,CHA,Charlotte Hornets,82,36,46,0.439,108.22,38.988,86.659,0.451,10.049,27.232,0.363,20.195,27.024,0.747,10.085,35.378,45.463,21.585,12.695,6.817,4.549,17.183,0.256
2017-18,LAL,Los Angeles Lakers,82,35,47,0.427,108.073,40.707,88.39,0.461,10.024,29.073,0.34,16.634,23.293,0.718,10.683,35.695,46.378,23.768,15.793,7.72,4.732,21.171,-1.549
2017-18,NYK,New York Knicks,82,29,53,0.354,104.463,40.659,87.72,0.465,8.207,23.341,0.353,14.939,18.988,0.787,10.476,33.561,44.037,23.317,14.732,6.732,5.134,20.512,-3.561
2017-18,BKN,Brooklyn Nets,82,28,54,0.341,106.598,38.244,86.756,0.442,12.695,35.659,0.356,17.415,22.561,0.779,9.659,34.78,44.439,23.671,15.183,6.244,4.756,20.585,-3.744
2017-18,CHI,Chicago Bulls,82,27,55,0.329,102.927,38.659,88.841,0.436,11.049,31.085,0.354,14.561,19.195,0.757,9.634,35.024,44.659,23.451,13.988,7.634,3.524,19.159,-7.037
2017-18,SAC,Sacramento Kings,82,27,55,0.329,98.829,38.768,86.134,0.451,9.0,23.988,0.377,12.293,16.72,0.741,9.463,31.439,40.902,21.561,13.72,7.841,4.146,19.988,-6.988
2017-18,ORL,Orlando Magic,82,25,57,0.305,103.402,38.805,85.878,0.453,10.293,29.329,0.348,15.5,20.463,0.762,8.805,32.829,41.634,23.427,14.537,7.585,4.878,19.256,-4.817
2017-18,ATL,Atlanta Hawks,82,24,58,0.293,103.354,38.171,85.549,0.448,11.183,31.024,0.363,15.829,20.171,0.787,9.061,32.841,41.902,23.732,15.537,7.78,4.244,19.585,-5.451
2017-18,DAL,Dallas Mavericks,82,24,58,0.293,102.317,38.146,85.878,0.446,11.793,32.78,0.361,14.232,18.659,0.763,8.122,33.134,41.256,22.659,12.28,7.049,3.78,19.244,-3.037
2017-18,MEM,Memphis Grizzlies,82,22,60,0.268,99.329,36.744,82.78,0.444,9.244,26.244,0.351,16.598,21.122,0.782,9.5,31.024,40.524,21.549,14.963,7.476,4.829,23.171,-6.207
2017-18,PHX,Phoenix Suns,82,21,61,0.256,103.927,38.451,87.085,0.443,9.305,27.878,0.335,17.72,23.927,0.738,10.268,33.854,44.122,21.256,15.72,6.939,4.512,22.037,-9.366
2018-19,MIL,Milwaukee Bucks,82,60,22,0.732,118.122,43.354,91.11,0.477,13.476,38.22,0.353,17.939,23.22,0.772,9.293,40.439,49.732,26.049,13.866,7.5,5.927,19.61,8.866
2018-19,TOR,Toronto Raptors,82,58,24,0.707,114.439,42.195,89.085,0.476,12.378,33.793,0.365,17.671,21.988,0.808,9.585,35.61,45.195,25.427,14.024,8.293,5.329,21.024,6.085
2018-19,GSW,Golden State Warriors,82,57,25,0.695,117.683,44.049,89.768,0.491,13.256,34.439,0.384,16.329,20.39,0.804,9.72,36.463,46.183,29.427,14.256,7.622,6.402,21.427,6.463
2018-19,DEN,Denver Nuggets,82,54,28,0.659,110.671,41.939,90.049,0.467,11.012,31.354,0.35,15.78,20.902,0.764,11.854,34.537,46.39,27.378,13.439,7.732,4.427,20.049,3.951
2018-19,HOU,Houston Rockets,82,53,29,0.646,113.915,39.244,87.354,0.451,16.134,45.378,0.354,19.293,24.402,0.792,10.195,31.866,42.061,21.232,13.341,8.537,4.939,21.988,4.768
2018-19,POR,Portland Trail Blazers,82,53,29,0.646,114.659,42.317,90.573,0.469,11.024,30.732,0.362,19.0,23.341,0.812,11.793,36.195,47.988,23.012,13.841,6.659,5.037,20.354,4.195
2018-19,PHI,Philadelphia 76ers,82,51,31,0.622,115.183,41.549,88.207,0.472,10.841,30.171,0.359,21.244,27.537,0.771,10.878,36.89,47.768,26.915,14.915,7.39,5.268,21.28,2.695
2018-19,UTA,Utah Jazz,82,50,32,0.61,111.72,40.415,86.366,0.468,12.11,34.012,0.354,18.78,25.512,0.738,10.0,36.354,46.354,26.012,15.122,8.085,5.89,21.073,5.256
2018-19,BOS,Boston Celtics,82,49,33,0.598,112.39,42.085,90.524,0.466,12.585,34.5,0.363,15.634,19.488,0.806,9.805,34.744,44.549,26.28,12.829,8.61,5.305,20.366,4.439
2018-19,OKC,Oklahoma City Thunder,82,49,33,0.598,114.476,42.646,93.976,0.455,11.366,32.646,0.351,17.817,24.988,0.714,12.573,35.5,48.073,23.378,13.963,9.341,5.183,22.427,3.402
2018-19,IND,Indiana Pacers,82,48,34,0.585,108.012,41.341,87.012,0.476,9.5,25.378,0.372,15.829,21.061,0.752,9.293,33.732,43.024,25.951,13.683,8.695,4.927,19.439,3.329
2018-19,LAC,LA Clippers,82,48,34,0.585,115.146,41.268,87.537,0.472,10.012,25.829,0.388,22.598,28.537,0.789,9.707,35.805,45.512,24.024,14.549,6.841,4.695,23.329,0.854
2018-19,SAS,San Antonio Spurs,82,48,34,0.585,111.659,42.293,88.39,0.48,9.902,25.256,0.397,17.171,20.976,0.82,9.232,35.488,44.72,24.549,12.098,6.11,4.707,18.134,1.683
2018-19,BKN,Brooklyn Nets,82,42,40,0.512,112.244,40.256,89.732,0.45,12.768,36.159,0.353,18.963,25.463,0.747,10.976,35.598,46.573,23.829,15.073,6.573,4.134,21.5,-0.073
2018-19,ORL,Orlando Magic,82,42,40,0.512,107.317,40.439,89.11,0.454,11.427,32.11,0.357,15.012,19.207,0.782,10.024,35.39,45.415,25.549,13.195,6.622,5.427,18.61,0.707
2018-19,DET,Detroit Pistons,82,41,41,0.5,107.049,38.841,88.268,0.441,12.11,34.805,0.346,17.256,23.085,0.753,11.415,33.561,44.976,22.5,13.841,6.939,4.037,22.085,-0.244
2018-19,CHA,Charlotte Hornets,82,39,43,0.476,110.744,40.207,89.78,0.449,11.915,33.939,0.351,18.415,23.11,0.792,9.927,33.878,43.805,23.232,12.207,7.207,4.939,18.902,-1.098
2018-19,MIA,Miami Heat,82,39,43,0.476,105.707,39.646,88.024,0.452,11.317,32.415,0.351,15.098,21.732,0.689,11.232,35.11,46.341,24.28,14.732,7.646,5.463,20.878,-0.232
2018-19,SAC,Sacramento Kings,82,39,43,0.476,114.183,43.183,93.134,0.464,11.305,29.939,0.377,16.512,22.744,0.719,11.049,34.378,45.427,25.402,13.354,8.28,4.427,21.354,-1.122
2018-19,LAL,Los Angeles Lakers,82,37,45,0.451,111.768,42.573,90.549,0.471,10.329,30.988,0.331,16.293,23.293,0.698,10.183,36.402,46.585,25.561,15.659,7.537,5.366,20.744,-1.72
2018-19,MIN,Minnesota Timberwolves,82,36,46,0.439,112.476,41.622,91.256,0.457,10.085,28.744,0.355,19.146,24.329,0.787,11.256,33.537,44.793,24.61,13.098,8.329,5.012,20.293,-1.5
2018-19,DAL,Dallas Mavericks,82,33,49,0.402,108.866,38.805,86.854,0.448,12.463,36.61,0.341,18.793,25.317,0.742,10.146,35.171,45.317,23.39,14.232,6.5,4.28,20.122,-1.28
2018-19,MEM,Memphis Grizzlies,82,33,49,0.402,103.537,37.963,84.439,0.451,9.89,28.878,0.34,17.72,22.951,0.775,8.817,32.963,41.78,23.939,13.988,8.341,5.463,21.963,-2.598
2018-19,NOP,New Orleans Pelicans,82,33,49,0.402,115.439,43.671,92.232,0.475,10.268,29.866,0.344,17.829,23.427,0.757,11.085,36.207,47.293,27.024,14.817,7.439,5.378,21.122,-1.329
2018-19,WAS,Washington Wizards,82,32,50,0.39,114.024,42.146,90.085,0.468,11.341,33.305,0.339,18.39,23.939,0.765,9.683,32.671,42.354,26.268,14.073,8.329,4.622,20.744,-2.902
2018-19,ATL,Atlanta Hawks,82,29,53,0.354,113.341,41.366,91.756,0.452,13.012,37.0,0.351,17.598,23.39,0.752,11.646,34.451,46.098,25.829,17.037,8.232,5.11,23.561,-6.024
2018-19,CHI,Chicago Bulls,82,22,60,0.268,104.939,39.829,87.866,0.454,9.085,25.89,0.349,16.195,20.671,0.788,8.756,34.134,42.89,21.902,14.134,7.354,4.28,20.28,-8.415
2018-19,CLE,Cleveland Cavaliers,82,19,63,0.232,104.476,38.89,87.61,0.445,10.329,29.122,0.352,16.366,20.659,0.786,10.72,31.939,42.659,20.707,13.488,6.512,2.378,20.024,-9.61
2018-19,PHX,Phoenix Suns,82,19,63,0.232,107.5,40.11,87.366,0.46,9.634,29.268,0.328,17.646,22.659,0.779,9.122,31.256,40.378,23.866,15.598,8.963,5.098,23.561,-9.341
2018-19,NYK,New York Knicks,82,17,65,0.207,104.573,38.22,88.305,0.433,10.037,29.524,0.339,18.098,23.854,0.76,10.451,34.28,44.732,20.073,14.037,6.793,5.146,20.89,-9.207
2019-20,MIL,Milwaukee Bucks,73,56,17,0.767,118.671,43.288,90.932,0.477,13.795,38.904,0.355,18.301,24.658,0.737,9.466,42.233,51.699,25.877,15.096,7.205,5.877,19.603,10.082
2019-20,TOR,Toronto Raptors,72,53,19,0.736,112.75,40.236,87.931,0.459,13.819,36.986,0.377,18.458,23.194,0.796,9.514,35.875,45.389,25.222,14.819,8.833,4.972,21.653,6.236
2019-20,LAL,Los Angeles Lakers,71,52,19,0.732,113.437,42.338,88.296,0.479,11.014,31.577,0.348,17.746,24.338,0.728,10.662,35.07,45.732,25.394,15.169,8.62,6.592,20.718,5.789
2019-20,LAC,LA Clippers,72,49,23,0.681,116.347,41.556,89.236,0.467,12.431,33.472,0.369,20.806,26.306,0.793,10.653,37.0,47.653,23.722,14.597,7.097,4.694,22.139,6.444
2019-20,BOS,Boston Celtics,72,48,24,0.667,113.653,41.264,89.556,0.462,12.569,34.542,0.366,18.556,23.167,0.803,10.667,35.403,46.069,22.986,13.819,8.264,5.639,21.569,6.306
2019-20,DEN,Denver Nuggets,73,46,27,0.63,111.288,42.041,88.877,0.475,10.973,30.603,0.355,16.233,20.904,0.771,10.767,33.37,44.137,26.74,13.767,8.027,4.616,20.342,2.11
2019-20,IND,Indiana Pacers,73,45,28,0.616,109.438,42.123,88.452,0.478,10.178,28.027,0.362,15.014,19.082,0.783,8.712,34.096,42.808,25.863,13.247,7.438,5.151,19.795,1.959
2019-20,HOU,Houston Rockets,72,44,28,0.611,117.806,40.778,90.444,0.452,15.639,45.292,0.346,20.611,26.056,0.794,9.778,34.5,44.278,21.625,14.681,8.708,5.153,21.75,2.958
2019-20,OKC,Oklahoma City Thunder,72,44,28,0.611,110.417,39.986,85.5,0.469,10.694,30.153,0.354,19.75,24.819,0.797,8.236,34.653,42.889,21.694,13.694,7.639,4.903,19.306,1.986
2019-20,UTA,Utah Jazz,72,44,28,0.611,111.292,40.083,85.139,0.472,13.375,35.236,0.376,17.75,22.792,0.781,9.111,35.792,44.903,22.431,15.125,6.083,4.056,20.389,2.472
2019-20,MIA,Miami Heat,73,44,29,0.603,112.041,39.452,84.384,0.469,13.411,35.397,0.38,19.726,25.205,0.78,8.493,35.877,44.37,25.918,14.904,7.493,4.548,20.562,2.945
2019-20,PHI,Philadelphia 76ers,73,43,30,0.589,110.74,41.096,87.904,0.468,11.616,31.603,0.367,16.932,22.438,0.748,10.466,34.973,45.438,25.808,14.205,8.027,5.329,20.945,2.384
2019-20,DAL,Dallas Mavericks,75,43,32,0.573,117.013,41.653,90.293,0.462,15.147,41.267,0.367,18.56,23.827,0.779,10.547,36.387,46.933,24.653,12.707,6.133,4.84,19.493,4.947
2019-20,BKN,Brooklyn Nets,72,35,37,0.486,111.778,40.389,90.25,0.448,13.069,38.139,0.345,17.931,24.056,0.746,10.639,37.264,47.903,24.458,15.264,6.444,4.486,20.972,-0.569
2019-20,POR,Portland Trail Blazers,74,35,39,0.473,114.973,42.189,91.203,0.464,12.865,34.122,0.375,17.73,22.054,0.799,10.189,35.122,45.311,20.608,12.784,6.284,6.095,21.703,-1.149
2019-20,MEM,Memphis Grizzlies,73,34,39,0.466,112.63,42.548,90.877,0.47,10.932,31.466,0.345,16.603,21.767,0.762,10.329,36.205,46.534,26.918,15.247,7.89,5.452,21.178,-1.068
2019-20,PHX,Phoenix Suns,73,34,39,0.466,113.616,41.178,88.068,0.469,11.384,31.781,0.358,19.877,23.836,0.83,9.753,33.767,43.521,27.219,14.753,7.658,3.973,22.041,0.219
2019-20,ORL,Orlando Magic,73,33,40,0.452,107.274,39.329,88.603,0.444,11.055,32.247,0.342,17.562,22.685,0.767,10.288,34.219,44.507,23.932,12.836,8.205,5.425,18.301,-1.014
2019-20,SAS,San Antonio Spurs,71,32,39,0.451,114.056,42.183,89.437,0.473,10.704,28.465,0.375,18.986,23.437,0.807,9.014,35.634,44.648,24.662,12.606,7.296,5.493,19.394,-1.113
2019-20,SAC,Sacramento Kings,72,31,41,0.431,110.097,40.875,88.389,0.465,12.694,34.875,0.365,15.653,20.333,0.767,9.653,32.944,42.597,23.792,14.486,7.722,4.069,22.153,-2.042
2019-20,NOP,New Orleans Pelicans,72,30,42,0.417,115.847,42.569,91.639,0.466,13.639,36.889,0.37,17.069,23.431,0.727,11.069,35.431,46.5,26.833,16.403,7.486,4.972,21.167,-1.292
2019-20,CHA,Charlotte Hornets,65,23,42,0.354,102.877,37.308,85.938,0.435,12.077,34.323,0.349,16.185,21.631,0.749,11.0,31.785,42.785,23.831,14.6,6.585,4.123,18.815,-6.754
2019-20,WAS,Washington Wizards,72,25,47,0.347,114.417,41.528,90.889,0.458,12.0,32.569,0.368,19.361,24.583,0.782,10.167,31.875,42.042,25.014,14.167,7.972,4.292,22.694,-4.667
2019-20,CHI,Chicago Bulls,65,22,43,0.338,106.846,39.585,88.646,0.448,12.2,35.108,0.348,15.477,20.492,0.752,10.462,31.4,41.862,23.231,15.462,10.031,4.077,21.8,-3.077
2019-20,NYK,New York Knicks,66,21,45,0.318,105.803,39.97,89.333,0.447,9.561,28.364,0.338,16.303,23.485,0.697,12.045,34.455,46.5,22.061,14.333,7.636,4.742,22.182,-6.455
2019-20,DET,Detroit Pistons,66,20,46,0.303,107.242,39.318,85.727,0.459,11.985,32.682,0.368,16.621,22.364,0.744,9.758,31.955,41.712,24.076,15.273,7.424,4.53,19.682,-3.561
2019-20,ATL,Atlanta Hawks,67,20,47,0.299,111.761,40.642,90.552,0.45,12.015,36.06,0.332,18.463,23.373,0.788,9.866,33.388,43.254,23.955,16.209,7.806,5.09,23.104,-7.97
2019-20,MIN,Minnesota Timberwolves,64,19,45,0.297,113.25,40.406,91.641,0.442,13.328,39.688,0.336,19.109,25.375,0.748,10.547,34.266,44.812,23.828,15.328,8.672,5.656,21.406,-4.297
2019-20,CLE,Cleveland Cavaliers,65,19,46,0.292,106.892,40.292,87.923,0.46,11.185,31.846,0.348,15.123,19.938,0.757,10.831,33.415,44.246,23.077,16.508,6.877,3.246,18.277,-7.892
2019-20,GSW,Golden State Warriors,65,15,50,0.231,106.338,38.615,88.154,0.439,10.431,31.262,0.332,18.677,23.246,0.8,9.954,32.892,42.846,25.585,14.908,8.215,4.6,20.062,-8.708
2020-21,UTA,Utah Jazz,72,52,20,0.722,116.417,41.264,88.111,0.469,16.736,43.028,0.388,17.153,21.472,0.793,10.625,37.625,48.25,23.653,14.208,6.583,5.153,18.542,9.25
2020-21,PHX,Phoenix Suns,72,51,21,0.708,115.278,43.306,88.292,0.491,13.056,34.583,0.377,15.611,18.708,0.837,8.75,34.194,42.944,26.931,12.528,7.181,4.333,19.083,5.819
2020-21,PHI,Philadelphia 76ers,72,49,23,0.681,113.639,41.403,86.903,0.477,11.264,30.125,0.376,19.569,25.5,0.767,10.028,35.028,45.056,23.694,14.444,9.097,6.208,20.222,5.583
2020-21,BKN,Brooklyn Nets,72,48,24,0.667,118.569,43.139,87.347,0.495,14.167,36.111,0.389,18.125,22.542,0.804,8.889,35.542,44.431,26.792,13.542,6.722,5.264,19.042,4.5
2020-21,DEN,Denver Nuggets,72,47,25,0.653,115.056,43.25,89.194,0.486,12.875,34.194,0.378,15.681,19.528,0.808,10.528,33.917,44.444,26.847,13.5,8.083,4.486,19.083,4.931
2020-21,LAC,LA Clippers,72,47,25,0.653,114.014,41.792,86.694,0.483,14.264,34.694,0.413,16.167,19.264,0.839,9.417,34.736,44.153,24.389,13.181,7.069,4.097,19.208,6.181
2020-21,MIL,Milwaukee Bucks,72,46,26,0.639,120.125,44.736,91.806,0.488,14.417,37.069,0.386,16.236,21.375,0.761,10.292,37.833,48.125,25.472,13.819,8.125,4.639,17.278,5.889
2020-21,DAL,Dallas Mavericks,72,42,30,0.583,112.444,41.083,87.319,0.47,13.806,38.111,0.36,16.472,21.167,0.776,9.125,34.208,43.333,22.875,12.069,6.25,4.319,19.389,2.264
2020-21,LAL,Los Angeles Lakers,72,42,30,0.583,109.542,40.625,86.069,0.472,11.056,31.222,0.353,17.236,23.319,0.738,9.653,34.583,44.236,24.653,15.208,7.806,5.361,19.125,2.792
2020-21,POR,Portland Trail Blazers,72,42,30,0.583,116.111,41.292,91.083,0.455,15.722,40.819,0.386,17.806,21.639,0.821,10.639,33.903,44.542,21.264,11.097,6.889,5.042,18.917,1.792
2020-21,ATL,Atlanta Hawks,72,41,31,0.569,113.694,40.792,87.236,0.469,12.431,33.361,0.37,19.681,24.236,0.813,10.556,35.069,45.625,24.125,13.236,6.986,4.75,19.333,2.319
2020-21,NYK,New York Knicks,72,41,31,0.569,107.028,39.431,86.458,0.457,11.764,30.042,0.391,16.403,20.917,0.786,9.667,35.472,45.139,21.403,12.944,7.042,5.069,20.458,2.306
2020-21,MIA,Miami Heat,72,40,32,0.556,108.069,39.222,83.736,0.469,12.944,36.194,0.359,16.681,21.111,0.79,8.042,33.458,41.5,26.319,14.069,7.903,3.972,18.931,0.028
2020-21,GSW,Golden State Warriors,72,39,33,0.542,113.708,41.292,88.153,0.469,14.556,38.736,0.374,16.569,21.111,0.783,7.972,35.056,43.028,27.653,15.0,8.153,4.75,21.194,1.056
2020-21,MEM,Memphis Grizzlies,72,38,34,0.528,113.292,42.847,91.778,0.467,11.153,31.361,0.355,16.444,21.333,0.777,11.153,35.319,46.472,26.917,13.292,9.097,5.056,18.736,1.028
2020-21,BOS,Boston Celtics,72,36,36,0.5,112.625,41.458,88.903,0.467,13.597,36.361,0.375,16.111,20.778,0.778,10.625,33.625,44.25,23.458,14.056,7.722,5.319,20.431,1.458
2020-21,IND,Indiana Pacers,72,34,38,0.472,115.306,43.264,91.208,0.475,12.347,33.958,0.365,16.431,20.736,0.791,9.0,33.667,42.667,27.403,13.542,8.486,6.389,20.181,-0.042
2020-21,WAS,Washington Wizards,72,34,38,0.472,116.639,43.167,90.931,0.475,10.181,29.0,0.353,20.125,26.167,0.771,9.681,35.514,45.194,25.486,14.389,7.333,4.125,21.597,-1.833
2020-21,CHA,Charlotte Hornets,72,33,39,0.458,109.458,39.931,87.833,0.455,13.681,37.028,0.368,15.917,20.903,0.755,10.583,33.181,43.764,26.847,14.847,7.847,4.778,18.028,-1.931
2020-21,SAS,San Antonio Spurs,72,33,39,0.458,111.083,41.861,90.528,0.463,9.944,28.417,0.347,17.417,22.0,0.793,9.292,34.569,43.861,24.431,11.403,7.014,5.083,17.958,-1.736
2020-21,CHI,Chicago Bulls,72,31,41,0.431,110.681,42.153,88.611,0.477,12.556,33.972,0.366,13.819,17.472,0.792,9.625,35.333,44.958,26.764,15.125,6.694,4.222,18.917,-0.889
2020-21,NOP,New Orleans Pelicans,72,31,41,0.431,114.597,42.5,89.056,0.479,10.583,30.417,0.347,19.014,26.083,0.727,11.736,35.667,47.403,26.0,14.611,7.569,4.375,17.986,-0.292
2020-21,SAC,Sacramento Kings,72,31,41,0.431,113.736,42.597,88.639,0.482,12.139,33.333,0.364,16.403,22.014,0.741,9.361,32.042,41.403,25.5,13.375,7.542,4.972,19.444,-3.681
2020-21,TOR,Toronto Raptors,72,27,45,0.375,111.264,39.708,88.653,0.449,14.458,39.319,0.368,17.389,21.333,0.813,9.444,32.139,41.583,24.097,13.222,8.583,5.389,21.194,-0.472
2020-21,MIN,Minnesota Timberwolves,72,23,49,0.319,112.125,40.722,90.917,0.449,13.111,37.583,0.35,17.569,23.083,0.762,10.514,33.0,43.514,25.639,14.264,8.778,5.528,20.931,-5.556
2020-21,CLE,Cleveland Cavaliers,72,22,50,0.306,103.833,38.583,85.764,0.451,10.0,29.736,0.337,16.667,22.417,0.743,10.431,32.319,42.75,23.833,15.472,7.764,4.514,18.167,-8.444
2020-21,OKC,Oklahoma City Thunder,72,22,50,0.306,105.0,38.819,88.028,0.442,11.903,35.125,0.339,15.458,21.333,0.724,9.931,35.667,45.597,22.056,16.139,7.0,4.389,18.125,-10.639
2020-21,ORL,Orlando Magic,72,21,51,0.292,104.0,38.25,89.208,0.429,10.889,31.778,0.339,16.611,21.431,0.776,10.375,35.069,45.444,21.819,12.833,6.889,4.417,17.181,-9.306
2020-21,DET,Detroit Pistons,72,20,52,0.278,106.611,38.653,85.583,0.452,11.556,32.917,0.352,17.75,23.375,0.758,9.639,33.069,42.708,24.208,14.931,7.375,5.153,20.514,-4.472
2020-21,HOU,Houston Rockets,72,17,55,0.236,108.792,39.25,88.5,0.444,13.778,40.597,0.339,16.514,22.306,0.741,9.319,33.278,42.597,23.597,14.722,7.583,5.014,19.542,-7.903
2021-22,PHX,Phoenix Suns,82,64,18,0.78,114.829,43.671,90.11,0.486,11.598,31.902,0.364,15.89,19.939,0.795,9.768,35.524,45.293,27.366,12.927,8.561,4.378,19.915,7.5
2021-22,MEM,Memphis Grizzlies,82,56,26,0.683,115.61,43.549,94.378,0.462,11.524,32.671,0.353,16.988,23.146,0.739,14.134,35.037,49.171,25.988,13.195,9.756,6.5,19.756,5.683
2021-22,GSW,Golden State Warriors,82,53,29,0.646,111.0,40.524,86.427,0.469,14.341,39.402,0.365,15.61,20.305,0.772,9.756,35.732,45.488,27.11,14.89,8.768,4.537,21.012,5.537
2021-22,MIA,Miami Heat,82,53,29,0.646,110.024,39.585,84.805,0.468,13.585,35.805,0.379,17.268,21.378,0.813,9.841,33.878,43.72,25.488,14.561,7.39,3.232,20.476,4.451
2021-22,DAL,Dallas Mavericks,82,52,30,0.634,108.024,39.293,85.146,0.462,13.085,37.354,0.351,16.354,21.207,0.775,9.256,33.768,43.024,23.39,12.5,6.732,3.963,19.659,3.305
2021-22,BOS,Boston Celtics,82,51,31,0.622,111.756,40.744,87.402,0.467,13.232,37.122,0.352,17.037,20.89,0.816,10.524,35.549,46.073,24.829,13.634,7.207,5.829,18.549,7.28
2021-22,MIL,Milwaukee Bucks,82,51,31,0.622,115.488,41.817,89.402,0.468,14.061,38.427,0.366,17.793,22.939,0.774,10.244,36.463,46.707,23.902,13.415,7.598,3.976,18.22,3.354
2021-22,PHI,Philadelphia 76ers,82,51,31,0.622,109.939,39.39,84.537,0.467,11.585,31.805,0.364,19.573,23.841,0.817,8.537,33.78,42.317,23.72,12.524,7.72,5.305,19.39,2.61
2021-22,UTA,Utah Jazz,82,49,33,0.598,113.61,40.573,86.183,0.472,14.537,40.341,0.36,17.927,23.366,0.77,10.78,35.561,46.341,22.39,14.0,7.171,4.902,18.866,6.037
2021-22,DEN,Denver Nuggets,82,48,34,0.585,112.72,41.659,86.329,0.484,12.671,35.902,0.352,16.732,21.037,0.796,9.171,34.939,44.11,27.793,14.5,7.22,3.72,19.988,2.305
2021-22,TOR,Toronto Raptors,82,48,34,0.585,109.39,40.634,91.329,0.446,11.939,34.244,0.349,16.183,21.329,0.762,13.354,31.976,45.329,22.061,12.451,9.0,4.585,19.598,2.293
2021-22,CHI,Chicago Bulls,82,46,36,0.561,111.61,41.732,86.915,0.48,10.634,28.829,0.366,17.512,21.537,0.809,8.671,33.659,42.329,23.878,12.841,7.134,4.098,18.78,-0.39
2021-22,MIN,Minnesota Timberwolves,82,46,36,0.561,115.939,41.598,90.951,0.458,14.768,41.293,0.359,17.976,23.098,0.776,11.232,32.927,44.159,25.683,14.329,8.793,5.61,21.78,2.634
2021-22,BKN,Brooklyn Nets,82,44,38,0.537,112.902,41.976,88.427,0.477,11.463,31.732,0.36,17.488,21.72,0.804,10.293,34.098,44.39,25.256,14.061,7.098,5.463,20.366,0.78
2021-22,CLE,Cleveland Cavaliers,82,44,38,0.537,107.793,39.695,84.634,0.47,11.622,32.756,0.353,16.78,22.073,0.767,10.207,33.976,44.183,25.171,14.402,7.073,4.183,17.476,2.122
2021-22,ATL,Atlanta Hawks,82,43,39,0.524,113.939,41.476,88.305,0.471,12.878,34.402,0.372,18.11,22.305,0.812,10.037,33.939,43.976,24.598,11.854,7.159,4.244,18.707,1.561
2021-22,CHA,Charlotte Hornets,82,43,39,0.524,115.329,42.78,91.427,0.47,13.939,38.171,0.365,15.829,21.378,0.742,10.829,33.744,44.573,28.073,13.256,8.622,4.902,19.866,0.439
2021-22,LAC,LA Clippers,82,42,40,0.512,108.415,40.061,87.439,0.459,12.768,34.171,0.373,15.524,19.585,0.79,9.11,34.878,43.988,24.012,13.732,7.415,4.951,18.634,0.024
2021-22,NYK,New York Knicks,82,37,45,0.451,106.476,37.659,86.207,0.437,13.195,36.939,0.357,17.963,24.146,0.743,11.476,34.646,46.122,21.866,13.256,6.951,4.866,20.39,-0.122
2021-22,NOP,New Orleans Pelicans,82,36,46,0.439,109.293,40.171,87.951,0.458,10.646,32.061,0.336,18.305,23.207,0.79,11.963,33.244,45.207,24.963,14.061,8.293,4.0,19.659,-0.988
2021-22,WAS,Washington Wizards,82,35,47,0.427,108.622,40.573,86.049,0.472,10.488,30.634,0.343,16.988,21.683,0.78,8.988,34.122,43.11,25.024,13.134,6.366,4.951,18.841,-3.378
2021-22,SAS,San Antonio Spurs,82,34,48,0.415,113.159,43.244,92.695,0.467,11.28,32.024,0.351,15.39,20.402,0.755,10.988,34.329,45.317,27.915,12.72,7.634,4.915,18.085,0.122
2021-22,LAL,Los Angeles Lakers,82,33,49,0.402,112.098,41.646,88.768,0.469,11.976,34.463,0.347,16.829,22.976,0.735,9.537,34.463,44.0,24.0,14.524,7.634,5.183,20.171,-3.049
2021-22,SAC,Sacramento Kings,82,30,52,0.366,110.305,40.5,88.085,0.461,11.427,33.195,0.346,17.878,23.268,0.769,9.561,33.378,42.939,23.695,14.098,7.171,4.5,18.927,-5.463
2021-22,POR,Portland Trail Blazers,82,27,55,0.329,106.232,38.549,87.122,0.443,12.72,36.793,0.342,16.415,21.598,0.756,10.415,32.451,42.866,22.927,14.476,8.012,4.463,21.073,-8.878
2021-22,IND,Indiana Pacers,82,25,57,0.305,111.463,41.439,89.488,0.464,12.159,35.354,0.344,16.427,21.39,0.771,11.28,32.573,43.854,25.378,14.427,7.098,5.573,20.427,-3.476
2021-22,OKC,Oklahoma City Thunder,82,24,58,0.293,103.732,38.305,89.146,0.43,12.085,37.39,0.323,15.037,19.902,0.756,10.415,35.207,45.622,22.22,13.963,7.585,4.634,18.256,-8.098
2021-22,DET,Detroit Pistons,82,23,59,0.28,104.829,38.159,88.622,0.431,11.28,34.61,0.327,17.232,22.024,0.781,10.976,32.012,42.988,23.463,14.183,7.683,4.793,21.939,-7.72
2021-22,ORL,Orlando Magic,82,22,60,0.268,104.232,38.28,88.293,0.434,12.183,36.854,0.33,15.488,19.683,0.788,9.098,35.183,44.28,23.744,14.488,6.768,4.476,19.659,-8.0
2021-22,HOU,Houston Rockets,82,20,62,0.244,109.72,39.378,86.378,0.457,13.476,38.659,0.346,17.488,24.512,0.713,9.585,32.439,42.024,23.561,16.476,7.317,4.659,20.634,-8.476
2022-23,MIL,Milwaukee Bucks,82,58,24,0.707,116.939,42.732,90.378,0.474,14.841,40.317,0.368,16.634,22.402,0.745,11.146,37.488,48.634,25.793,14.622,6.354,4.915,18.049,3.634
2022-23,BOS,Boston Celtics,82,57,25,0.695,117.939,42.195,88.756,0.476,16.037,42.585,0.375,17.512,21.573,0.81,9.707,35.622,45.329,26.659,13.354,6.354,5.244,18.805,6.524
2022-23,PHI,Philadelphia 76ers,82,54,28,0.659,115.22,40.817,83.78,0.488,12.622,32.622,0.385,20.963,25.098,0.835,8.72,32.207,40.927,25.159,13.671,7.744,4.744,20.427,4.317
2022-23,DEN,Denver Nuggets,82,53,29,0.646,115.793,43.585,86.439,0.505,11.817,31.207,0.376,16.805,22.366,0.754,10.098,32.915,43.012,28.878,14.537,7.537,4.488,18.598,3.329
2022-23,CLE,Cleveland Cavaliers,82,51,31,0.622,112.256,41.561,85.171,0.49,11.585,31.573,0.366,17.549,22.488,0.784,9.695,31.39,41.085,24.939,13.341,7.146,4.683,19.024,5.378
2022-23,MEM,Memphis Grizzlies,82,51,31,0.622,116.915,43.72,92.085,0.475,12.012,34.232,0.35,17.463,23.829,0.741,12.049,34.573,46.622,26.037,13.61,8.293,5.768,20.037,3.939
2022-23,SAC,Sacramento Kings,82,48,34,0.585,120.707,43.573,88.195,0.495,13.756,37.317,0.368,19.805,25.061,0.792,9.537,32.915,42.451,27.28,13.488,7.0,3.354,19.707,2.646
2022-23,NYK,New York Knicks,82,47,35,0.573,116.024,42.0,89.366,0.471,12.646,35.732,0.354,19.378,25.451,0.759,12.573,34.024,46.598,22.927,12.988,6.427,4.146,20.317,2.927
2022-23,BKN,Brooklyn Nets,82,45,37,0.549,113.354,41.451,85.098,0.488,12.78,33.793,0.38,17.671,22.085,0.801,8.22,32.293,40.512,25.524,13.744,7.134,6.171,21.098,0.854
2022-23,PHX,Phoenix Suns,82,45,37,0.549,113.646,42.11,90.098,0.468,12.207,32.61,0.371,17.22,21.72,0.794,11.841,32.402,44.244,27.256,13.537,7.134,5.268,21.207,2.073
2022-23,GSW,Golden State Warriors,82,44,38,0.537,118.939,43.146,90.159,0.48,16.622,43.171,0.385,16.024,20.183,0.794,10.537,34.061,44.598,29.829,16.293,7.171,3.951,21.415,1.805
2022-23,LAC,LA Clippers,82,44,38,0.537,113.585,41.098,86.098,0.479,12.695,33.341,0.377,18.695,23.927,0.775,9.793,33.439,43.232,23.89,14.232,7.073,4.439,19.488,0.5
2022-23,MIA,Miami Heat,82,44,38,0.537,109.476,39.207,85.256,0.46,11.951,34.78,0.344,19.11,22.988,0.828,9.707,30.89,40.598,23.841,13.488,7.988,2.963,18.488,-0.317
2022-23,LAL,Los Angeles Lakers,82,43,39,0.524,117.171,42.878,89.0,0.483,10.793,31.195,0.348,20.622,26.61,0.773,9.976,35.732,45.707,25.268,14.073,6.415,4.61,17.878,0.573
2022-23,MIN,Minnesota Timberwolves,82,42,40,0.512,115.78,42.866,87.402,0.492,12.159,33.305,0.364,17.89,23.683,0.755,9.134,32.756,41.89,26.159,15.341,8.012,5.415,21.561,-0.037
2022-23,NOP,New Orleans Pelicans,82,42,40,0.512,114.366,42.037,87.561,0.481,10.963,30.098,0.362,19.329,24.39,0.795,10.561,33.134,43.695,25.878,14.585,8.305,4.11,20.463,1.89
2022-23,ATL,Atlanta Hawks,82,41,41,0.5,118.427,44.61,92.366,0.484,10.756,30.549,0.353,18.451,22.561,0.82,11.22,33.159,44.378,24.988,12.927,7.073,4.89,18.793,0.293
2022-23,TOR,Toronto Raptors,82,41,41,0.5,112.854,41.878,91.329,0.46,10.732,32.024,0.336,18.366,23.439,0.787,12.72,30.305,43.024,23.915,11.659,9.415,5.171,20.012,1.476
2022-23,CHI,Chicago Bulls,82,40,42,0.488,113.122,42.537,86.78,0.491,10.415,28.866,0.357,17.634,21.805,0.808,8.463,33.89,42.354,24.463,13.378,7.854,4.524,18.915,1.293
2022-23,OKC,Oklahoma City Thunder,82,40,42,0.488,117.476,43.085,92.561,0.467,12.134,34.11,0.357,19.171,23.707,0.804,11.39,32.268,43.659,24.415,13.049,8.244,4.159,21.0,1.085
2022-23,DAL,Dallas Mavericks,82,38,44,0.463,114.22,40.037,84.256,0.476,15.195,41.0,0.371,18.951,25.085,0.749,7.622,31.171,38.793,22.927,12.22,6.268,3.707,20.695,0.073
2022-23,UTA,Utah Jazz,82,37,45,0.451,117.073,42.5,89.817,0.474,13.341,37.793,0.352,18.732,23.841,0.782,11.805,34.073,45.878,25.963,15.354,6.098,5.232,20.476,-0.939
2022-23,IND,Indiana Pacers,82,35,47,0.427,116.28,42.0,89.573,0.47,13.561,36.951,0.366,18.72,23.707,0.789,10.146,31.402,41.549,26.988,14.927,7.695,5.829,21.232,-3.183
2022-23,WAS,Washington Wizards,82,35,47,0.427,113.159,42.146,86.915,0.487,11.28,31.72,0.354,17.585,22.415,0.787,9.439,34.195,43.634,25.402,14.122,6.841,5.171,18.768,-1.207
2022-23,ORL,Orlando Magic,82,34,48,0.415,111.415,40.524,86.268,0.471,10.768,31.11,0.348,19.598,25.0,0.785,10.159,33.085,43.244,23.244,15.073,7.354,4.659,20.146,-2.561
2022-23,POR,Portland Trail Blazers,82,33,49,0.402,113.402,40.451,85.378,0.475,12.878,35.28,0.364,19.622,24.646,0.798,9.439,31.11,40.549,24.159,14.451,6.744,4.585,20.037,-4.012
2022-23,CHA,Charlotte Hornets,82,27,55,0.329,110.951,41.28,90.402,0.458,10.744,32.549,0.329,17.646,23.561,0.749,10.988,33.549,44.537,25.146,14.195,7.732,5.183,20.256,-6.244
2022-23,HOU,Houston Rockets,82,22,60,0.268,110.744,40.598,88.866,0.457,10.439,31.939,0.323,19.11,25.341,0.752,13.415,32.866,46.28,22.378,16.244,7.317,4.561,20.476,-7.854
2022-23,SAS,San Antonio Spurs,82,22,60,0.268,113.037,43.085,92.598,0.467,11.11,32.195,0.346,15.756,21.207,0.74,11.768,31.939,43.707,27.22,15.28,6.976,3.927,19.878,-10.037
2022-23,DET,Detroit Pistons,82,17,65,0.207,110.305,39.561,87.073,0.455,11.39,32.427,0.348,19.793,25.683,0.772,11.171,31.268,42.439,22.976,15.085,7.0,3.756,22.11,-8.22
2023-24,BOS,Boston Celtics,82,64,18,0.78,120.573,43.915,90.195,0.488,16.476,42.463,0.388,16.268,20.171,0.796,10.683,35.646,46.329,26.915,11.939,6.793,6.561,16.171,11.341
2023-24,DEN,Denver Nuggets,82,57,25,0.695,114.854,44.024,88.768,0.497,11.683,31.22,0.373,15.122,19.854,0.76,10.744,33.683,44.427,29.451,12.634,7.134,5.561,18.159,5.256
2023-24,OKC,Oklahoma City Thunder,82,57,25,0.695,120.085,44.549,89.317,0.5,13.293,34.207,0.387,17.695,21.451,0.83,8.805,33.232,42.037,27.11,12.671,8.463,6.561,18.841,7.415
2023-24,MIN,Minnesota Timberwolves,82,56,26,0.683,112.976,41.256,85.049,0.486,12.646,32.695,0.387,17.817,22.939,0.775,9.39,34.232,43.622,26.634,14.171,7.89,6.061,18.829,6.451
2023-24,LAC,LA Clippers,82,51,31,0.622,115.622,42.354,86.683,0.489,12.634,33.159,0.382,18.28,22.159,0.83,10.024,32.939,42.963,25.573,13.146,7.805,5.037,18.524,3.28
2023-24,DAL,Dallas Mavericks,82,50,32,0.61,117.854,43.11,89.659,0.481,14.598,39.537,0.367,17.037,22.463,0.753,9.72,33.22,42.939,25.683,12.524,6.866,4.951,18.293,2.207
2023-24,NYK,New York Knicks,82,50,32,0.61,112.793,41.28,88.683,0.466,13.207,35.805,0.369,17.024,21.817,0.782,12.671,32.5,45.171,24.366,13.232,7.463,4.098,17.646,4.585
2023-24,MIL,Milwaukee Bucks,82,49,33,0.598,118.976,43.146,88.512,0.488,14.183,38.073,0.373,18.5,23.902,0.771,9.415,34.756,44.171,26.537,12.915,6.805,5.037,19.195,2.622
2023-24,NOP,New Orleans Pelicans,82,49,33,0.598,115.073,42.488,87.378,0.487,12.476,32.598,0.378,17.622,22.841,0.771,10.39,33.573,43.963,26.951,13.012,8.341,4.61,18.39,4.415
2023-24,PHX,Phoenix Suns,82,49,33,0.598,116.244,42.463,86.134,0.495,12.439,32.573,0.38,18.878,23.354,0.808,10.134,33.939,44.073,27.049,14.89,7.439,6.0,17.988,3.061
2023-24,CLE,Cleveland Cavaliers,82,48,34,0.585,112.634,41.768,87.171,0.48,13.512,36.78,0.366,15.585,20.378,0.762,9.854,33.439,43.293,28.037,13.561,7.378,4.634,17.512,2.415
2023-24,IND,Indiana Pacers,82,47,35,0.573,123.293,47.012,92.671,0.509,13.195,35.256,0.373,16.073,20.549,0.782,10.085,31.439,41.524,30.756,12.915,7.695,5.866,21.415,3.049
2023-24,LAL,Los Angeles Lakers,82,47,35,0.573,118.037,43.659,87.524,0.5,11.817,31.366,0.374,18.902,24.183,0.774,8.244,34.866,43.11,28.524,13.976,7.378,5.524,15.646,0.598
2023-24,ORL,Orlando Magic,82,47,35,0.573,110.463,40.463,84.927,0.478,11.012,31.317,0.352,18.524,24.415,0.759,10.5,31.805,42.305,24.671,14.707,8.159,5.159,19.732,2.024
2023-24,PHI,Philadelphia 76ers,82,47,35,0.573,114.598,41.512,89.402,0.465,12.098,33.329,0.36,19.476,23.585,0.823,11.049,31.902,42.951,24.89,12.0,8.463,6.0,20.341,3.049
2023-24,GSW,Golden State Warriors,82,46,36,0.561,117.768,43.683,91.646,0.478,14.768,38.915,0.379,15.634,20.049,0.777,12.146,34.561,46.707,29.293,14.317,6.976,4.598,19.488,2.61
2023-24,MIA,Miami Heat,82,46,36,0.561,110.146,39.829,85.634,0.465,12.463,33.72,0.37,18.024,22.024,0.817,9.341,32.951,42.293,25.805,12.659,7.524,3.415,17.256,1.756
2023-24,SAC,Sacramento Kings,82,46,36,0.561,116.561,43.329,90.915,0.477,14.366,39.256,0.366,15.537,20.854,0.74,10.829,33.159,43.988,28.341,13.146,7.622,4.171,19.902,1.744
2023-24,HOU,Houston Rockets,82,41,41,0.5,114.329,41.768,90.963,0.459,12.72,36.146,0.352,18.073,23.366,0.769,11.463,33.988,45.451,24.817,12.744,7.793,4.573,20.756,1.122
2023-24,CHI,Chicago Bulls,82,39,43,0.476,112.268,42.049,89.5,0.471,11.476,32.073,0.357,16.695,21.11,0.793,11.171,32.646,43.817,24.976,12.244,7.78,4.805,18.793,-1.439
2023-24,ATL,Atlanta Hawks,82,36,46,0.439,118.329,43.037,92.488,0.466,13.72,37.707,0.364,18.537,23.244,0.794,12.488,32.183,44.671,26.585,13.537,7.5,4.5,18.561,-2.183
2023-24,BKN,Brooklyn Nets,82,32,50,0.39,110.366,40.659,89.11,0.457,13.28,36.707,0.362,15.768,20.866,0.762,11.439,32.622,44.061,25.634,13.122,6.78,5.171,18.488,-2.89
2023-24,UTA,Utah Jazz,82,31,51,0.378,115.659,41.988,89.89,0.468,12.927,36.5,0.353,18.756,22.598,0.831,12.22,33.232,45.451,27.22,15.671,6.549,5.585,18.573,-4.89
2023-24,MEM,Memphis Grizzlies,82,27,55,0.329,105.817,38.354,88.159,0.435,13.061,37.768,0.345,16.049,21.0,0.764,10.927,31.683,42.61,24.695,15.073,8.207,6.11,19.061,-7.0
2023-24,TOR,Toronto Raptors,82,25,57,0.305,112.354,42.268,89.707,0.472,11.488,33.073,0.346,16.329,21.61,0.758,10.866,31.793,42.659,28.476,13.988,7.732,4.732,18.402,-6.439
2023-24,SAS,San Antonio Spurs,82,22,60,0.268,112.098,41.927,90.683,0.463,12.634,36.378,0.349,15.61,19.963,0.778,10.354,33.878,44.232,29.866,15.146,7.122,6.341,17.244,-6.488
2023-24,CHA,Charlotte Hornets,82,21,61,0.256,106.585,40.012,86.988,0.461,12.061,34.0,0.353,14.5,18.439,0.789,9.329,30.951,40.28,24.793,13.768,6.854,4.524,17.951,-10.244
2023-24,POR,Portland Trail Blazers,82,21,61,0.256,106.366,39.354,89.707,0.44,11.451,33.207,0.346,16.207,20.488,0.793,12.634,30.11,42.744,23.098,15.232,7.646,4.317,20.171,-9.024
2023-24,WAS,Washington Wizards,82,15,67,0.183,113.744,42.963,91.378,0.471,12.378,35.549,0.347,15.439,20.207,0.765,9.207,31.866,41.073,27.927,13.988,7.598,5.061,19.963,-9.293
2023-24,DET,Detroit Pistons,82,14,68,0.171,109.878,40.89,88.244,0.464,11.049,31.732,0.349,17.049,21.707,0.785,10.5,32.829,43.329,25.463,15.22,6.476,4.683,20.585,-9.11
