SEASON_END_YEAR,TEAM_ABBREVIATION,PLAYERS,TOTAL_MINUTES,TOTAL_GAMES_PLAYER_SUM,AVG_AGE,TOTAL_RAPTOR_WAR,Raptor_O,Raptor_D,RaptorPLUS_MINUS,TSPCT,USGPCT,ASTPCT,TOVPCT,ORBPCT,DRBPCT,TRBPCT,STLPCT,BLKPCT,ORtg,DRtg,2PPCT,3PPCT,FTPCT,3PAr,FTAr,Pace_PLUS_MINUS
2010,ATL,14,19856,868,26.571,40.13,0.999,0.225,1.214,54.432,19.9,14.271,11.0,5.661,14.545,10.041,1.574,1.568,112.581,106.876,49.463,35.945,77.39,20.226,29.007,-0.174
2010,BOS,19,19780,867,28.0,36.71,0.057,0.8,0.89,56.244,19.835,15.985,13.942,4.572,14.785,9.82,1.845,1.605,108.224,103.905,51.926,23.275,73.701,21.317,34.385,0.243
2010,CHA,19,19879,837,27.263,31.51,-0.618,0.958,0.342,54.148,19.846,14.579,14.817,5.294,14.817,10.151,1.694,1.852,105.612,103.05,48.376,28.324,74.672,19.803,36.054,0.184
2010,CHI,18,19907,785,26.944,23.25,-0.83,0.373,-0.444,52.001,19.875,14.163,12.969,5.328,14.966,10.192,1.39,1.828,104.149,105.423,46.855,23.423,75.234,15.762,29.553,-0.062
2010,CLE,18,19780,835,27.056,44.46,0.898,0.775,1.666,56.648,19.837,15.616,12.463,5.007,15.463,10.48,1.479,1.66,112.119,104.207,50.744,30.119,73.211,25.508,32.254,-0.083
2010,DAL,18,19880,811,29.333,34.86,0.367,0.332,0.708,55.23,19.894,15.101,12.676,4.877,14.744,9.877,1.625,1.696,110.026,106.17,48.818,31.586,79.618,23.738,27.08,-0.125
2010,DEN,13,19782,797,27.615,38.54,0.922,0.146,1.067,56.41,19.939,13.946,12.961,5.233,14.472,9.876,1.742,1.577,112.493,107.692,50.466,25.147,74.847,20.642,39.846,0.031
2010,DET,14,19782,831,26.857,13.58,-0.49,-0.908,-1.4,51.707,19.853,13.705,12.48,6.056,14.683,10.1,1.632,1.343,106.837,111.558,48.221,22.899,72.103,16.378,32.627,0.077
2010,GSW,20,19731,723,26.35,19.34,0.034,-0.845,-0.832,55.77,19.94,14.02,12.727,4.183,13.714,8.882,1.852,1.238,108.774,111.937,50.219,29.893,76.047,23.839,28.977,0.159
2010,HOU,21,19904,801,25.952,27.61,-0.02,-0.032,-0.019,53.39,19.893,14.442,12.805,5.384,14.781,9.906,1.49,1.164,108.288,108.263,47.48,25.62,73.845,26.885,29.402,0.019
2010,IND,15,19705,812,26.467,19.66,-0.841,0.061,-0.797,53.348,19.858,14.241,13.555,4.311,14.609,9.423,1.45,1.594,103.836,106.983,48.044,30.976,75.153,27.6,28.947,0.081
2010,LAC,19,19703,837,27.053,11.48,-1.03,-0.583,-1.599,52.802,19.864,15.001,14.183,5.434,14.811,10.075,1.389,1.768,104.308,110.195,48.82,24.65,73.251,22.362,28.445,0.021
2010,LAL,13,19830,847,27.615,40.43,0.341,0.934,1.265,53.35,19.941,13.934,12.145,5.538,14.883,10.249,1.595,1.514,108.71,103.83,48.248,26.074,74.863,24.085,27.964,-0.129
2010,MEM,17,19905,819,25.0,24.06,0.079,-0.453,-0.395,53.5,19.851,11.86,13.555,6.265,14.681,10.449,1.652,1.525,108.612,110.101,49.185,24.134,73.432,14.286,33.601,-0.127
2010,MIA,15,19879,827,27.333,33.45,-0.164,0.684,0.553,53.521,19.828,13.579,12.37,5.203,14.987,10.132,1.623,1.867,108.139,104.01,47.694,23.04,75.674,23.559,29.506,0.008
2010,MIL,19,19979,871,27.737,31.87,-0.475,0.87,0.378,51.691,19.92,14.476,12.07,5.233,15.285,10.03,1.529,1.51,105.169,103.267,45.989,28.108,75.621,25.048,23.758,0.109
2010,MIN,16,19779,898,25.062,4.03,-1.413,-0.94,-2.353,51.866,19.89,13.092,14.222,5.338,14.713,9.961,1.529,1.162,102.098,111.749,46.77,23.681,73.8,17.13,28.638,-0.081
2010,NJN,17,19782,794,26.529,3.56,-1.579,-0.819,-2.398,50.628,19.824,13.815,12.876,5.026,14.36,9.489,1.545,1.46,101.121,110.662,45.314,21.427,77.019,17.799,30.099,-0.047
2010,NOH,16,19831,806,27.812,21.42,-0.109,-0.494,-0.619,54.061,19.859,14.662,12.224,4.934,14.763,9.761,1.631,1.142,107.947,110.051,48.418,28.42,78.48,23.993,24.992,-0.057
2010,NYK,20,19880,730,25.8,17.4,-0.063,-0.972,-1.036,54.389,19.885,14.127,13.036,4.693,14.403,9.474,1.504,1.155,108.089,111.611,49.148,27.345,77.717,32.654,25.981,0.229
2010,OKC,18,19804,784,25.167,37.06,0.203,0.722,0.931,54.031,19.854,13.552,13.561,5.705,14.736,10.337,1.706,1.82,108.857,104.516,48.99,30.414,74.914,18.22,30.651,-0.091
2010,ORL,12,19730,839,27.833,46.83,0.934,0.982,1.902,57.293,19.889,13.449,13.276,4.929,15.476,10.397,1.347,1.737,112.46,103.229,51.812,28.672,76.106,34.303,34.919,0.017
2010,PHI,16,19805,838,26.25,17.19,-0.346,-0.684,-1.055,53.53,19.88,13.93,13.303,5.515,14.634,10.014,1.762,1.754,106.908,110.357,49.195,24.902,74.834,20.83,26.492,-0.003
2010,PHO,15,19730,846,26.867,39.72,1.635,-0.433,1.195,58.37,19.869,14.412,12.835,5.506,14.164,10.082,1.208,1.494,116.201,110.312,50.955,32.983,77.61,26.585,31.534,-0.205
2010,POR,19,19856,811,25.789,36.73,0.704,0.191,0.89,54.908,19.84,14.264,11.866,5.654,14.963,10.276,1.443,1.409,112.216,107.123,48.674,24.74,78.188,21.91,30.623,0.033
2010,SAC,20,19879,858,25.35,17.06,-0.557,-0.508,-1.083,52.714,19.867,13.554,13.277,5.568,14.698,10.077,1.45,1.352,106.011,110.107,48.12,28.287,72.405,19.521,28.688,0.051
2010,SAS,17,19780,895,28.118,41.28,0.58,0.763,1.36,54.79,19.879,14.836,12.412,5.349,15.26,10.391,1.373,1.386,109.87,104.71,50.33,26.663,72.823,25.249,28.181,-0.068
2010,TOR,15,19781,854,25.667,22.81,0.761,-1.241,-0.487,56.321,19.903,13.979,12.474,4.946,14.562,9.881,1.222,1.486,111.424,113.297,50.694,30.429,74.91,21.739,31.966,-0.088
2010,UTA,15,19757,834,24.667,41.8,0.742,0.674,1.417,56.428,19.865,17.07,13.418,5.364,15.103,10.368,1.743,1.629,110.807,105.239,51.515,26.31,73.98,18.408,34.141,0.004
2010,WAS,24,19832,858,27.208,14.97,-0.765,-0.531,-1.267,52.802,19.848,13.144,14.208,5.522,14.483,9.941,1.294,1.623,104.724,109.608,47.503,26.244,76.318,17.846,28.505,0.077
2011,ATL,17,19730,842,27.471,24.69,-0.234,-0.034,-0.268,54.349,19.819,15.462,12.875,4.696,14.918,9.843,1.352,1.332,107.121,107.345,48.528,34.999,77.029,21.605,28.975,0.002
2011,BOS,21,19780,835,27.905,40.96,-0.13,1.448,1.322,55.769,19.81,15.75,13.989,4.213,14.945,9.885,1.807,1.336,106.902,100.475,51.396,24.818,76.115,17.055,31.007,0.033
2011,CHA,19,19804,855,26.842,16.6,-0.843,-0.273,-1.102,52.698,19.83,15.072,13.469,5.152,15.056,10.062,1.412,1.765,104.43,108.076,48.057,22.957,74.772,17.852,32.1,-0.046
2011,CHI,15,19830,850,27.467,45.78,0.33,1.437,1.804,54.06,19.873,15.661,13.04,5.884,15.246,10.692,1.593,1.787,109.686,100.317,48.996,28.305,72.396,21.008,31.606,-0.182
2011,CLE,19,19753,827,26.211,4.01,-1.164,-1.164,-2.347,52.013,19.918,15.097,12.933,4.843,14.651,9.623,1.43,1.324,102.694,112.048,46.062,23.269,75.379,22.161,31.927,0.05
2011,DAL,18,19705,866,28.444,39.33,0.566,0.613,1.179,56.633,19.91,15.821,13.791,4.813,14.977,10.093,1.484,1.351,111.093,105.017,49.254,27.219,79.284,28.909,32.018,-0.088
2011,DEN,19,19705,802,27.211,40.21,1.112,0.155,1.254,57.662,19.941,14.433,12.949,4.773,15.084,10.07,1.534,1.353,113.079,107.494,50.632,31.671,75.591,24.73,37.957,0.134
2011,DET,13,19881,836,27.231,17.43,0.034,-1.078,-1.02,52.962,19.84,14.294,12.204,5.473,14.428,9.736,1.62,1.326,108.184,111.898,47.786,29.237,71.359,16.822,29.498,-0.182
2011,GSW,17,19831,833,25.824,22.23,0.13,-0.685,-0.569,53.955,19.908,14.605,13.045,5.335,13.853,9.511,1.874,1.544,108.554,110.778,48.153,29.605,73.863,23.446,23.747,-0.013
2011,HOU,20,19883,842,25.85,34.1,0.875,-0.269,0.626,54.868,19.865,15.306,12.009,5.463,14.539,10.005,1.481,1.287,112.309,109.136,48.589,24.843,76.62,26.539,28.494,-0.04
2011,IND,15,19780,862,26.133,24.09,-0.501,0.145,-0.356,53.268,19.885,13.481,13.588,5.179,14.801,10.016,1.489,1.674,105.841,106.114,47.537,25.7,76.896,24.622,29.323,-0.055
2011,LAC,17,19856,842,26.235,20.18,-0.478,-0.282,-0.76,53.575,19.842,15.32,14.707,5.669,14.647,10.19,1.508,1.577,105.294,109.078,48.903,25.768,71.708,23.531,33.626,0.134
2011,LAL,16,19830,827,29.062,43.97,0.869,0.764,1.61,53.725,19.92,14.739,12.33,5.845,14.465,10.291,1.599,1.624,110.658,104.464,47.432,31.961,77.258,23.996,27.654,-0.263
2011,MEM,19,19880,861,25.474,34.48,0.105,0.565,0.655,53.202,19.901,13.11,12.904,5.782,14.494,10.092,2.021,1.803,107.584,105.379,48.761,27.803,75.078,13.865,30.044,-0.109
2011,MIA,17,19781,846,30.294,46.35,1.04,0.803,1.848,56.954,19.852,14.534,13.65,5.051,15.104,10.364,1.449,1.709,112.87,103.613,49.534,26.164,76.982,25.34,35.643,-0.044
2011,MIL,17,19829,823,27.294,25.13,-1.171,0.908,-0.276,51.082,19.808,13.899,12.243,4.937,14.947,9.824,1.655,1.609,102.838,102.629,45.265,23.286,75.037,20.508,29.619,-0.055
2011,MIN,17,19778,865,23.765,11.75,-0.738,-0.811,-1.578,52.511,19.909,13.294,14.781,5.948,14.756,10.202,1.497,1.629,104.637,111.269,45.495,31.357,75.434,23.582,28.315,-0.055
2011,NJN,22,20007,867,25.818,10.9,-0.964,-0.729,-1.676,51.241,19.799,14.766,12.427,5.205,14.834,9.884,1.234,1.48,103.224,110.14,45.705,19.72,74.792,19.89,27.874,0.098
2011,NOH,19,19833,882,26.579,31.01,-0.194,0.52,0.317,53.558,19.837,14.458,12.473,5.023,15.249,10.093,1.708,1.499,106.615,105.235,47.968,25.3,75.224,18.605,30.384,0.009
2011,NYK,20,19780,784,25.95,29.17,0.788,-0.658,0.128,56.203,19.938,14.168,12.674,4.856,14.402,9.579,1.576,1.752,112.026,110.088,49.798,34.361,79.173,31.441,30.978,0.307
2011,OKC,18,20006,823,25.167,37.99,0.855,0.133,0.966,55.962,19.876,14.158,12.726,5.475,14.72,10.253,1.685,1.777,112.956,107.076,50.483,23.352,79.016,20.884,33.797,-0.023
2011,ORL,17,19828,779,28.412,41.43,0.25,1.095,1.335,54.735,19.894,13.724,13.786,5.217,15.394,10.423,1.451,1.507,108.368,101.991,49.125,25.741,71.473,33.114,31.626,0.429
2011,PHI,15,19931,817,26.533,30.65,-0.113,0.383,0.288,53.368,19.86,14.844,11.675,4.92,14.903,9.913,1.628,1.354,107.123,105.16,48.019,28.446,75.72,19.272,26.956,-0.219
2011,PHO,19,20005,849,27.684,26.63,0.477,-0.581,-0.134,56.129,19.887,15.123,12.474,4.744,14.32,9.53,1.389,1.326,110.159,110.57,50.381,31.164,76.534,26.553,29.1,0.138
2011,POR,18,19803,795,27.444,32.57,0.34,0.167,0.487,52.914,19.882,14.748,12.6,5.884,14.407,9.967,1.811,1.503,109.198,107.257,47.708,24.044,78.789,22.19,28.335,-0.097
2011,SAC,16,19856,841,24.75,15.1,-0.894,-0.373,-1.26,52.15,19.909,13.413,13.766,5.972,14.879,10.301,1.541,1.415,104.961,109.078,47.793,22.491,74.477,18.521,28.046,-0.016
2011,SAS,20,19784,887,27.45,43.35,1.035,0.525,1.544,56.638,19.888,15.018,12.136,4.989,14.912,10.087,1.568,1.333,112.792,105.709,49.643,27.052,75.162,27.147,29.911,-0.212
2011,TOR,22,19782,800,25.682,10.62,-0.332,-1.361,-1.701,53.337,19.873,14.093,13.68,5.624,14.383,9.889,1.516,1.344,107.208,113.067,49.549,20.557,74.222,14.386,31.509,0.018
2011,UTA,17,19879,857,26.294,23.73,0.146,-0.558,-0.405,54.173,19.855,15.708,13.587,5.415,14.324,9.831,1.67,1.986,107.767,110.435,48.526,27.161,76.771,20.221,31.628,0.067
2011,WAS,23,19931,858,25.913,8.53,-1.084,-0.824,-1.899,51.734,19.895,13.138,13.502,5.597,14.099,9.696,1.703,1.913,103.704,110.303,46.996,23.544,74.833,15.936,30.551,0.181
2012,ATL,16,16167,706,29.312,28.84,0.121,0.634,0.776,53.384,19.853,15.455,13.231,4.759,14.883,9.871,1.759,1.446,105.727,101.393,47.581,30.381,75.309,24.436,26.676,-0.102
2012,BOS,17,15939,714,28.235,27.4,-0.631,1.251,0.616,53.268,19.847,16.756,14.281,3.95,14.489,9.453,1.671,1.74,100.961,98.545,48.225,24.595,75.6,19.343,25.652,-0.042
2012,CHA,16,15888,724,26.188,-8.04,-2.162,-1.578,-3.761,48.059,19.851,15.171,13.567,4.728,14.174,9.268,1.32,1.693,95.273,110.664,43.897,29.662,72.156,16.102,27.784,-0.069
2012,CHI,14,15939,690,28.0,39.04,0.791,1.279,2.071,52.385,19.916,15.822,12.949,6.528,14.859,10.769,1.53,1.734,108.6,98.362,46.364,21.66,72.158,19.598,28.033,-0.29
2012,CLE,21,15966,683,25.19,6.53,-0.844,-1.114,-1.954,50.251,19.864,14.842,14.046,5.784,14.442,9.937,1.535,1.241,101.128,109.112,44.022,26.228,69.514,23.417,31.611,0.098
2012,DAL,16,16064,726,29.438,26.06,-0.247,0.671,0.436,52.493,19.918,14.352,13.556,4.684,14.969,9.889,1.852,1.68,103.783,102.392,47.873,26.479,77.354,27.545,25.562,-0.005
2012,DEN,17,16040,664,25.765,29.07,0.993,-0.167,0.813,55.721,19.926,15.254,13.814,5.536,14.844,10.325,1.729,1.607,110.031,106.259,52.129,23.534,72.889,22.785,33.551,0.02
2012,DET,14,15965,694,27.071,11.12,-0.815,-0.593,-1.396,50.232,19.8,13.61,14.416,5.634,14.556,9.944,1.54,1.371,100.905,106.704,45.205,25.443,72.567,16.266,29.322,-0.051
2012,GSW,20,15915,696,25.7,16.0,0.087,-0.848,-0.787,54.006,19.916,15.205,13.141,4.571,13.834,9.235,1.725,1.751,106.367,109.2,48.61,22.895,74.932,23.522,22.915,0.151
2012,HOU,19,16065,653,25.789,23.78,0.144,0.002,0.179,52.909,19.881,14.094,12.796,5.51,14.68,10.049,1.612,1.48,106.457,105.328,47.693,23.454,74.896,23.737,23.345,0.008
2012,IND,15,15991,702,26.6,28.42,0.514,0.222,0.732,52.414,19.853,12.959,12.763,5.846,14.448,10.18,1.733,1.759,107.378,103.174,45.318,25.75,77.453,19.479,32.355,0.037
2012,LAC,18,15966,676,27.222,28.44,0.782,-0.019,0.743,52.835,19.824,14.858,12.752,5.893,14.638,10.217,1.887,1.652,108.153,105.88,47.561,25.016,70.413,24.584,31.641,0.211
2012,LAL,17,16066,665,27.765,26.62,0.318,0.22,0.523,52.788,19.894,15.46,14.315,5.821,14.966,10.592,1.28,1.576,106.246,104.568,48.211,30.17,74.358,23.58,27.937,-0.193
2012,MEM,17,15940,696,26.529,27.46,-0.118,0.741,0.638,51.603,19.886,13.268,13.029,5.967,14.551,10.171,2.095,1.758,105.223,101.887,47.054,22.783,75.496,15.125,28.204,-0.005
2012,MIA,16,16039,700,28.438,34.78,0.629,0.89,1.522,54.247,19.922,14.584,14.468,5.301,14.783,10.233,1.915,1.782,106.972,100.153,48.301,25.503,74.271,22.945,29.279,-0.009
2012,MIL,17,15867,713,25.765,21.9,0.206,-0.241,-0.044,51.963,19.926,15.65,12.749,5.553,14.172,9.728,1.775,1.583,105.518,105.467,47.086,32.049,76.024,21.334,25.319,-0.038
2012,MIN,15,15942,661,24.867,18.35,-0.176,-0.337,-0.47,51.832,19.907,13.531,13.842,5.514,14.606,10.047,1.395,1.312,103.585,106.828,46.606,28.283,76.374,27.634,29.554,-0.075
2012,NJN,22,15889,682,26.091,8.32,-0.454,-1.291,-1.714,51.042,19.848,15.085,13.588,5.562,14.139,9.719,1.656,1.249,102.819,109.729,44.587,28.433,76.641,26.939,27.819,0.06
2012,NOH,22,15940,669,25.455,15.15,-0.86,-0.03,-0.879,51.649,19.814,14.973,14.47,5.504,14.628,10.132,1.664,1.648,101.888,105.209,46.904,20.649,75.097,14.78,28.389,-0.017
2012,NYK,17,15939,664,26.882,27.92,0.049,0.65,0.681,53.973,19.871,14.215,14.429,5.347,14.754,9.987,2.009,1.371,106.042,101.231,49.173,26.189,73.578,28.473,33.725,0.239
2012,OKC,16,15991,715,26.125,36.17,1.19,0.502,1.682,56.108,19.925,13.201,15.766,5.542,14.415,10.293,1.607,2.465,109.536,103.392,50.361,26.648,75.455,23.991,32.417,-0.018
2012,ORL,16,15967,670,26.625,23.79,0.117,0.026,0.171,53.057,19.826,14.411,14.233,5.299,15.102,10.123,1.518,1.344,105.096,104.323,46.564,28.694,72.524,35.535,28.548,0.029
2012,PHI,16,15916,647,26.125,30.44,-0.08,1.088,1.009,51.034,19.888,14.758,10.449,4.88,15.049,9.934,1.767,1.599,104.542,99.341,46.43,27.647,74.073,17.93,21.184,-0.244
2012,PHO,13,15840,708,28.538,22.45,0.304,-0.268,0.036,53.754,19.904,14.752,12.903,5.162,14.337,9.786,1.409,1.678,106.715,106.647,49.566,26.66,75.089,23.401,25.617,-0.129
2012,POR,18,15967,690,26.722,21.71,0.167,-0.239,-0.095,52.544,19.929,14.079,13.802,5.26,14.546,9.806,1.755,1.553,105.355,106.623,46.837,24.514,78.047,24.257,26.575,0.048
2012,SAC,15,15914,695,24.4,11.53,-0.287,-1.04,-1.336,50.713,19.91,12.901,12.678,5.8,14.11,9.762,1.783,1.485,104.145,109.898,47.12,21.517,73.808,22.525,26.484,0.031
2012,SAS,21,15940,731,26.952,37.79,1.406,0.518,1.912,56.4,19.919,15.061,12.27,5.017,15.203,10.215,1.598,1.316,111.729,103.387,49.992,27.275,74.685,28.497,25.374,-0.077
2012,TOR,18,15967,701,26.778,14.41,-0.808,-0.162,-0.989,51.852,19.861,15.195,15.03,5.177,15.072,10.171,1.437,1.639,101.581,104.488,46.808,26.923,74.854,18.912,27.136,0.226
2012,UTA,15,16166,717,26.133,24.63,0.417,-0.178,0.237,52.377,19.899,14.012,13.386,6.045,14.765,10.365,1.76,1.907,107.099,106.234,47.838,24.739,75.626,17.696,31.039,-0.019
2012,WAS,21,15866,706,26.048,11.36,-0.782,-0.561,-1.354,51.002,19.869,13.187,13.683,5.469,14.162,9.773,1.729,2.017,101.346,106.504,46.907,22.056,70.78,18.652,24.876,0.201
2013,ATL,18,19854,852,26.889,27.8,-0.216,0.2,-0.002,54.839,19.887,16.534,13.443,4.436,14.739,9.65,1.73,1.433,106.074,104.55,49.046,33.623,73.13,31.574,24.214,-0.04
2013,BOS,20,19843,828,27.45,26.62,-0.602,0.474,-0.115,54.417,19.851,15.557,13.575,4.007,14.651,9.489,1.749,1.454,104.226,103.503,49.473,25.57,78.038,20.408,27.319,0.058
2013,BRK,17,19854,914,27.529,31.56,0.505,-0.149,0.369,52.963,19.842,14.383,14.023,6.189,14.741,10.424,1.619,1.5,108.003,106.333,48.152,23.952,73.197,28.372,33.121,-0.075
2013,CHA,18,19805,853,26.222,2.81,-1.033,-1.419,-2.458,50.134,19.836,14.616,12.862,5.15,14.221,9.563,1.557,1.956,101.814,111.836,45.084,23.833,71.286,17.971,31.979,-0.06
2013,CHI,15,19831,809,28.0,27.8,-0.458,0.477,0.029,51.219,19.872,16.179,13.18,5.871,14.708,10.246,1.598,1.584,104.615,103.336,45.04,22.441,76.871,19.041,27.363,-0.145
2013,CLE,19,19730,827,24.947,14.67,-0.377,-0.91,-1.297,50.928,19.892,14.388,12.697,5.624,14.529,9.878,1.702,1.361,104.352,109.54,45.462,21.047,74.809,21.936,26.423,0.118
2013,DAL,23,19980,923,28.609,27.3,0.011,-0.088,-0.063,54.069,19.919,14.859,12.658,4.349,14.628,9.583,1.664,1.773,105.986,106.678,47.943,27.635,78.33,24.032,25.016,-0.055
2013,DEN,15,19906,840,24.733,41.92,1.042,0.317,1.389,55.105,19.897,14.837,13.317,6.266,14.368,10.389,1.921,2.086,111.434,105.258,51.359,30.276,69.055,20.191,31.158,-0.054
2013,DET,16,19806,837,25.875,16.43,-0.506,-0.618,-1.122,52.267,19.9,14.832,13.534,5.652,14.592,10.051,1.536,1.601,104.302,108.438,47.182,28.17,71.59,21.365,28.502,0.061
2013,GSW,16,19806,913,25.125,30.89,0.128,0.194,0.316,53.518,19.936,15.211,14.476,5.07,15.103,10.247,1.449,1.368,106.061,105.45,46.673,31.554,77.548,21.112,28.037,-0.089
2013,HOU,20,19781,837,24.3,37.31,0.862,0.06,0.943,56.233,19.897,15.305,14.322,5.281,15.026,10.214,1.713,1.384,110.059,106.399,50.899,28.855,74.089,32.967,30.506,0.31
2013,IND,16,19590,875,25.812,36.84,-0.278,1.233,0.96,52.032,19.894,14.499,13.921,6.054,14.921,10.552,1.573,1.94,105.352,99.893,45.956,27.293,74.784,25.571,30.276,-0.039
2013,LAC,15,19730,880,29.133,45.05,1.117,0.623,1.728,55.301,19.842,15.787,13.545,5.769,14.71,10.312,2.098,1.969,110.39,103.727,51.987,26.536,70.372,24.782,30.198,0.095
2013,LAL,16,19757,765,28.25,31.45,0.403,-0.049,0.383,54.447,19.939,15.221,13.776,5.386,14.857,10.241,1.487,1.567,108.249,106.649,49.056,31.484,72.223,32.072,33.484,-0.084
2013,MEM,20,19807,838,25.5,39.52,-0.118,1.281,1.162,51.628,19.855,14.463,12.536,6.184,14.854,10.438,1.931,1.811,106.21,100.508,46.443,24.006,76.782,17.299,26.235,0.076
2013,MIA,18,19881,890,29.778,47.24,1.445,0.492,1.922,58.072,19.872,15.909,13.36,4.449,14.609,9.822,1.877,1.823,112.776,103.879,50.304,33.643,75.246,31.956,27.669,-0.087
2013,MIL,18,19828,858,26.722,23.13,-0.496,0.026,-0.461,50.969,19.924,15.222,12.348,5.58,14.261,9.766,1.754,2.044,104.336,105.348,45.477,29.937,72.974,21.797,24.195,-0.122
2013,MIN,19,19730,817,26.737,22.58,-0.623,0.121,-0.51,51.799,19.862,15.44,13.22,5.472,14.797,9.979,1.833,1.529,103.68,105.543,47.86,21.728,74.534,21.177,30.61,-0.059
2013,NOH,19,19782,889,24.737,18.48,-0.053,-0.87,-0.915,52.454,19.821,14.677,13.593,5.853,14.879,10.299,1.414,1.861,106.202,110.157,46.566,23.756,78.493,21.063,25.4,-0.091
2013,NYK,19,19731,855,31.316,38.35,1.167,-0.093,1.074,55.371,19.899,13.174,12.037,5.115,14.956,9.86,1.821,1.286,112.924,106.362,48.031,31.763,75.862,37.573,25.696,0.123
2013,OKC,16,19831,884,25.75,52.1,1.506,0.874,2.42,57.607,19.904,14.765,14.636,5.33,14.682,10.365,1.76,2.387,113.15,102.648,51.64,28.216,78.657,23.428,30.962,-0.08
2013,ORL,18,19779,846,25.278,8.89,-1.029,-0.836,-1.872,51.265,19.896,15.057,13.312,5.062,14.918,9.997,1.396,1.396,101.727,109.277,47.835,22.121,74.309,21.982,19.829,0.14
2013,PHI,17,19755,811,25.529,18.22,-0.861,-0.08,-0.933,51.016,19.904,15.462,11.721,4.974,14.668,9.704,1.633,1.517,103.193,105.844,46.193,28.133,71.577,20.831,20.172,-0.182
2013,PHO,16,19805,868,26.25,12.13,-1.051,-0.502,-1.547,51.386,19.878,15.088,13.918,5.401,14.393,9.785,1.725,1.638,102.054,108.299,47.381,26.061,73.614,21.59,23.483,0.039
2013,POR,15,19857,865,25.0,20.61,-0.057,-0.641,-0.716,53.265,19.903,14.901,13.795,5.062,14.666,9.793,1.431,1.358,105.27,109.498,47.788,26.493,75.318,29.566,24.923,-0.068
2013,SAC,17,19831,891,25.412,16.29,0.016,-1.162,-1.149,52.748,19.888,13.893,13.0,5.315,14.192,9.641,1.723,1.354,106.473,111.715,46.942,25.072,76.701,23.767,26.164,0.174
2013,SAS,16,19880,925,27.562,45.07,0.641,1.075,1.732,57.045,19.908,16.424,13.603,4.101,14.967,9.854,1.781,1.625,108.898,101.78,51.725,30.767,79.004,28.12,25.147,-0.182
2013,TOR,18,19979,841,26.0,23.14,-0.039,-0.463,-0.492,53.649,19.911,14.753,13.063,5.103,14.68,9.812,1.579,1.568,106.616,107.729,47.783,27.755,77.231,23.008,28.526,0.255
2013,UTA,14,19881,874,26.0,28.45,0.183,-0.119,0.053,52.731,19.898,14.981,14.156,5.762,14.64,10.145,1.832,2.03,106.631,107.01,46.314,31.851,76.535,22.902,28.077,-0.03
2013,WAS,19,19856,852,26.211,20.32,-1.222,0.48,-0.746,51.025,19.915,15.491,13.853,4.921,14.917,9.869,1.555,1.507,100.369,103.15,45.125,21.608,72.275,22.995,25.944,0.044
2014,ATL,18,19831,834,26.111,25.26,-0.224,-0.033,-0.255,55.719,19.853,16.806,13.681,4.187,14.872,9.575,1.729,1.295,106.834,106.701,49.952,31.946,78.589,33.15,25.777,0.22
2014,BOS,19,19728,841,25.684,15.83,-0.873,-0.302,-1.176,51.555,19.823,14.186,13.973,5.471,14.84,10.032,1.525,1.343,103.394,107.894,46.98,30.475,75.887,25.519,25.655,-0.016
2014,BRK,19,19880,892,28.842,24.4,-0.062,-0.286,-0.348,55.251,19.887,14.631,13.965,4.355,14.455,9.423,1.874,1.302,106.71,107.898,49.237,26.763,75.892,28.109,33.846,-0.239
2014,CHA,19,19905,840,26.158,26.28,-0.542,0.404,-0.133,52.796,19.86,15.151,11.462,4.391,15.528,9.928,1.315,1.663,105.48,104.052,47.161,25.798,72.957,24.187,31.611,-0.589
2014,CHI,20,19931,791,27.75,31.34,-0.76,1.111,0.327,51.647,19.829,16.304,13.42,5.444,15.083,10.342,1.585,1.652,103.633,100.614,45.292,20.417,77.123,23.635,29.658,-0.466
2014,CLE,21,19931,870,24.524,17.93,-0.552,-0.448,-0.986,51.756,19.866,14.581,12.624,5.455,15.149,10.185,1.49,1.27,105.095,107.857,46.126,24.383,74.949,22.542,27.244,-0.057
2014,DAL,15,19831,899,28.2,35.13,0.742,-0.025,0.719,56.37,19.935,14.917,12.607,4.947,14.545,9.756,1.811,1.486,112.209,108.598,50.206,29.571,78.729,27.302,24.569,0.081
2014,DEN,16,19753,843,26.0,23.61,-0.125,-0.297,-0.428,53.491,19.901,14.556,13.593,5.493,14.895,10.165,1.518,1.71,106.262,108.292,47.344,26.623,74.354,27.203,30.984,0.605
2014,DET,15,19779,825,25.6,17.98,-0.124,-0.845,-0.981,51.978,19.902,13.527,12.157,6.296,14.695,10.266,1.758,1.585,107.404,109.913,47.962,23.577,68.33,22.87,30.028,0.211
2014,GSW,18,19830,850,26.333,41.86,0.246,1.086,1.349,54.723,19.942,15.122,14.049,5.014,15.255,10.208,1.599,1.565,107.549,102.603,49.425,26.896,71.781,28.283,25.277,0.486
2014,HOU,18,19828,790,25.389,41.69,1.046,0.296,1.351,56.447,19.866,14.219,13.744,5.486,14.817,10.429,1.566,1.736,111.62,106.237,51.549,32.163,70.057,32.674,37.992,0.313
2014,IND,17,19780,894,27.176,36.98,-0.415,1.301,0.93,53.493,19.899,14.161,13.983,4.975,15.363,10.403,1.44,1.717,105.103,99.479,48.154,31.199,76.751,23.338,30.354,-0.159
2014,LAC,20,19753,849,28.55,46.24,1.29,0.532,1.817,56.808,19.912,16.189,12.588,5.0,14.516,9.917,1.766,1.531,111.897,104.98,52.864,27.808,72.233,28.141,36.901,0.343
2014,LAL,19,19705,789,27.263,13.57,-0.6,-0.825,-1.402,53.899,19.958,15.754,13.57,4.026,14.225,9.122,1.507,1.64,104.235,110.828,47.002,30.651,74.833,30.865,25.315,0.605
2014,MEM,18,19805,871,26.889,32.82,-0.007,0.536,0.519,52.854,19.854,14.447,12.429,5.668,15.158,10.4,1.704,1.565,106.812,104.842,48.845,25.268,73.253,18.261,23.94,-0.492
2014,MIA,18,19879,859,30.0,38.71,0.949,0.13,1.064,58.037,19.894,15.283,13.932,4.126,14.606,9.562,1.948,1.609,110.876,105.908,53.737,33.119,76.292,32.329,28.648,-0.068
2014,MIL,19,19880,802,25.579,5.84,-0.976,-1.211,-2.172,51.637,19.846,14.993,13.779,5.422,14.277,9.704,1.44,1.655,103.307,112.039,45.83,24.504,74.646,21.222,28.695,-0.171
2014,MIN,17,19855,903,26.0,36.75,0.566,0.28,0.841,52.807,19.913,15.255,12.246,5.496,14.89,10.057,1.793,1.144,107.983,106.375,47.19,29.086,75.339,22.858,31.887,0.37
2014,NOP,21,19855,863,25.571,22.17,0.062,-0.621,-0.551,53.743,19.861,14.256,12.81,5.373,14.768,10.009,1.714,2.215,108.233,110.133,48.055,26.503,76.831,18.27,28.752,-0.421
2014,NYK,18,19855,859,28.222,24.53,0.266,-0.558,-0.316,54.168,19.886,13.392,12.928,5.021,14.879,9.79,1.692,1.634,108.902,109.289,47.651,28.266,75.04,30.681,24.141,-0.468
2014,OKC,18,19804,892,27.222,45.1,0.912,0.765,1.676,55.487,19.92,14.888,14.427,5.308,15.118,10.437,1.722,2.061,110.049,103.817,50.2,30.215,76.868,25.668,29.91,0.238
2014,ORL,16,19955,837,24.875,12.38,-1.092,-0.451,-1.527,52.235,19.875,14.253,13.313,4.483,15.101,9.782,1.616,1.377,102.087,107.54,46.912,28.461,75.569,24.24,24.997,-0.195
2014,PHI,23,19855,835,23.391,1.32,-1.629,-0.991,-2.623,51.391,19.915,14.648,14.292,4.977,14.453,9.548,1.871,1.324,100.42,110.066,48.191,27.401,71.528,26.519,27.13,0.815
2014,PHO,15,19754,856,25.867,35.43,0.642,0.134,0.747,55.247,19.895,12.553,13.601,5.284,14.744,10.019,1.75,1.452,109.698,106.758,49.836,30.302,74.849,28.791,29.071,0.19
2014,POR,15,19855,840,25.4,39.16,1.076,0.037,1.114,55.185,19.944,14.898,12.728,5.601,14.93,10.329,1.165,1.354,112.423,107.558,48.797,26.417,81.057,30.102,27.225,0.108
2014,SAC,23,19830,865,25.913,22.67,-0.123,-0.391,-0.525,52.242,19.917,13.332,13.278,5.567,15.321,10.372,1.501,1.312,105.397,108.863,47.022,23.109,75.436,21.54,32.274,-0.204
2014,SAS,19,19754,958,27.895,48.55,0.893,1.161,2.047,57.225,19.94,15.817,13.378,4.524,15.283,10.111,1.556,1.543,110.756,102.618,51.726,29.087,79.134,25.728,24.053,0.182
2014,TOR,20,19956,862,26.15,34.51,0.463,0.17,0.64,54.493,19.865,14.73,12.811,5.442,14.977,10.177,1.5,1.368,109.787,105.319,46.919,28.275,78.177,27.727,30.562,-0.251
2014,UTA,17,19781,852,25.824,10.89,-0.773,-0.926,-1.684,52.089,19.879,14.095,13.452,5.107,14.896,9.849,1.526,1.444,103.404,111.58,46.943,23.573,74.941,24.281,28.279,-0.381
2014,WAS,17,20055,857,26.647,30.04,-0.17,0.329,0.173,54.008,19.919,15.305,12.94,5.031,15.144,9.997,1.72,1.561,107.118,104.845,48.574,39.794,73.666,24.689,24.849,0.11
2015,ATL,16,19732,868,27.0,41.01,0.749,0.589,1.298,56.72,19.86,17.241,12.745,4.279,14.684,9.627,1.934,1.618,109.724,103.468,50.114,35.573,77.529,34.878,25.863,0.064
2015,BOS,22,19880,877,26.182,27.36,-0.251,0.188,-0.068,51.855,19.901,15.527,12.316,4.933,15.005,9.896,1.696,1.151,104.609,104.778,48.025,28.688,74.0,27.881,23.561,0.343
2015,BRK,19,19928,890,27.526,20.41,-0.294,-0.453,-0.734,52.798,19.927,13.885,12.604,4.778,14.745,9.773,1.501,1.361,104.386,107.654,48.688,25.787,76.687,25.086,27.407,-0.119
2015,CHA,17,19905,849,26.118,19.04,-1.087,0.238,-0.869,50.162,19.867,14.494,10.896,4.428,15.873,9.98,1.297,1.781,101.567,103.778,45.182,31.164,74.933,21.814,30.409,-0.381
2015,CHI,14,19881,821,28.286,33.69,0.353,0.196,0.585,53.298,19.859,15.023,12.431,5.406,14.866,10.248,1.338,1.737,108.553,104.497,46.897,30.032,76.385,27.06,30.073,-0.065
2015,CLE,20,19779,849,27.95,39.59,1.211,-0.046,1.141,55.042,19.887,15.386,12.873,5.36,14.934,10.225,1.587,1.366,110.971,106.629,48.347,28.025,75.114,33.957,27.483,-0.031
2015,DAL,19,19881,923,28.579,36.94,0.719,0.165,0.879,55.876,19.929,14.252,12.064,4.717,14.436,9.561,1.689,1.524,111.417,106.54,51.138,28.08,73.749,28.338,29.482,0.178
2015,DEN,20,19881,901,25.85,20.57,-0.238,-0.494,-0.721,51.743,19.929,14.432,12.396,5.316,14.961,9.957,1.612,1.438,104.512,108.328,47.107,25.851,74.126,27.116,28.673,0.212
2015,DET,20,19827,849,27.0,23.72,-0.094,-0.313,-0.415,51.775,19.874,14.813,11.371,5.571,14.979,10.104,1.63,1.517,106.133,106.654,46.655,25.504,72.857,31.066,25.276,-0.176
2015,GSW,15,19730,900,26.733,53.71,1.345,1.179,2.489,56.362,19.926,16.843,13.249,4.818,14.908,10.006,1.874,1.863,111.316,101.396,51.584,28.834,73.373,29.279,23.86,0.599
2015,HOU,20,19804,828,26.65,38.52,0.406,0.633,1.028,54.098,19.881,15.325,14.416,5.352,14.597,9.987,1.958,1.614,106.937,103.639,49.705,33.208,70.575,39.916,29.328,0.664
2015,IND,16,19855,877,27.812,26.36,-0.436,0.288,-0.144,52.356,19.89,14.776,12.872,4.81,15.582,10.233,1.312,1.478,103.85,103.428,47.112,25.784,74.953,24.994,27.182,-0.189
2015,LAC,20,19730,906,28.05,45.87,1.592,0.233,1.817,56.768,19.892,16.367,11.308,4.56,15.151,9.972,1.664,1.708,112.409,105.612,52.561,33.784,73.039,32.039,33.231,0.126
2015,LAL,18,19932,808,25.889,11.22,-0.583,-1.068,-1.63,51.427,19.891,14.096,11.475,5.086,15.257,9.963,1.478,1.501,104.606,110.708,45.486,24.112,74.056,22.123,28.444,-0.534
2015,MEM,19,19904,888,27.684,37.59,0.064,0.886,0.954,52.909,19.942,14.507,12.196,4.926,15.063,10.014,1.852,1.436,105.547,102.469,48.053,29.146,76.529,18.8,26.934,-0.265
2015,MIA,21,19732,828,27.524,20.68,-0.315,-0.389,-0.698,53.946,19.807,14.404,13.857,4.645,14.676,9.771,1.714,1.62,105.153,106.825,48.789,30.31,74.432,28.635,30.588,-0.163
2015,MIL,20,19929,853,24.85,29.04,-0.503,0.601,0.089,53.567,19.871,15.698,14.828,5.064,14.667,9.899,2.023,1.704,103.817,102.349,48.909,24.878,75.513,21.475,26.021,0.342
2015,MIN,25,19806,813,25.96,5.84,-0.756,-1.432,-2.17,51.712,19.875,14.779,13.286,5.317,14.326,9.677,1.706,1.291,103.735,112.347,46.235,27.61,77.317,17.34,31.349,0.199
2015,NOP,21,19782,843,25.476,30.93,0.541,-0.217,0.309,53.398,19.881,14.853,12.066,5.42,15.025,10.234,1.475,1.952,108.494,107.476,47.016,24.514,73.439,23.529,26.521,-0.455
2015,NYK,20,19855,871,27.25,1.64,-1.47,-1.117,-2.592,50.622,19.829,15.133,13.811,4.907,14.633,9.627,1.519,1.603,100.283,110.239,45.412,28.846,77.471,23.914,22.59,-0.21
2015,OKC,21,19832,871,25.524,34.56,0.474,0.168,0.63,52.534,19.891,14.084,12.806,5.783,15.127,10.524,1.508,1.815,107.295,105.61,48.697,28.322,72.51,26.291,27.506,0.232
2015,ORL,15,19755,842,24.933,12.59,-0.857,-0.629,-1.511,52.117,19.879,13.696,13.964,4.613,15.186,9.807,1.672,1.286,101.677,107.744,47.619,31.302,73.523,25.234,23.198,0.033
2015,PHI,25,19802,854,23.88,4.43,-2.295,-0.014,-2.306,49.388,19.851,15.566,15.242,5.099,14.583,9.612,2.01,1.996,96.424,105.081,44.673,24.595,67.387,31.098,29.323,0.606
2015,PHO,23,19879,852,25.696,26.06,-0.114,-0.083,-0.192,53.697,19.882,13.299,13.139,4.906,14.711,9.741,1.753,1.476,106.152,106.37,49.299,30.24,73.067,27.208,25.315,0.428
2015,POR,18,19856,879,26.389,38.42,0.535,0.527,1.049,54.253,19.927,14.091,13.012,4.829,15.219,10.146,1.358,1.344,108.103,103.876,48.826,28.525,78.929,34.21,21.572,-0.028
2015,SAC,19,19855,863,26.105,20.55,-0.057,-0.688,-0.75,53.798,19.887,14.098,14.33,5.306,15.056,10.349,1.409,1.284,105.743,109.357,48.457,25.405,75.475,20.818,36.034,0.147
2015,SAS,17,19955,961,28.471,44.98,0.688,0.99,1.677,55.557,19.906,15.739,12.468,4.655,15.461,10.165,1.667,1.681,109.401,102.147,49.896,32.435,79.167,27.008,25.692,-0.122
2015,TOR,15,19855,840,25.933,34.33,1.16,-0.54,0.631,55.871,19.863,13.846,11.572,5.134,14.657,9.892,1.589,1.432,112.978,107.868,50.409,29.304,76.286,28.534,29.777,-0.22
2015,UTA,22,19705,862,24.0,28.65,-0.182,0.274,0.099,53.207,19.788,14.054,14.417,5.83,15.268,10.57,1.684,1.979,106.274,104.925,47.717,28.325,71.265,28.721,30.463,-0.326
2015,WAS,18,19956,915,28.611,29.43,-0.293,0.451,0.136,53.516,19.873,15.85,13.158,4.983,15.451,10.347,1.531,1.523,105.223,102.981,48.238,24.365,74.15,20.499,26.129,-0.045
2016,ATL,17,19831,902,27.471,36.38,-0.194,1.046,0.835,55.353,19.924,16.964,13.251,3.834,14.916,9.503,1.846,1.91,105.59,101.685,51.565,33.555,77.972,35.473,23.039,0.249
2016,BOS,16,19780,893,24.5,35.58,0.139,0.622,0.755,52.916,19.953,15.652,12.069,5.022,14.911,9.895,1.851,1.38,106.686,103.763,48.628,29.413,76.383,29.167,25.864,0.355
2016,BRK,17,19756,877,26.0,10.15,-0.743,-0.988,-1.739,52.506,19.92,14.307,13.524,4.837,15.118,9.898,1.588,1.364,103.24,110.974,47.135,27.937,76.502,23.244,24.648,-0.166
2016,CHA,17,19855,867,25.941,33.89,0.269,0.335,0.609,54.555,19.869,14.836,11.017,3.998,15.954,9.932,1.498,1.792,108.237,104.448,47.773,32.134,79.088,34.508,29.021,-0.114
2016,CHI,16,19906,850,27.562,24.59,-0.27,-0.047,-0.323,52.589,19.894,15.031,12.236,4.893,14.975,10.027,1.251,1.729,105.544,106.725,45.817,30.837,78.081,25.165,23.639,0.014
2016,CLE,18,19853,877,28.833,42.59,1.062,0.398,1.463,55.615,19.875,15.468,12.066,5.027,15.717,10.4,1.436,1.308,111.843,104.623,50.022,29.526,74.564,34.689,26.984,-0.119
2016,DAL,16,20004,903,29.188,27.25,-0.144,0.04,-0.069,54.524,19.921,14.89,11.829,4.128,15.257,9.701,1.425,1.274,107.497,106.985,49.248,27.706,80.015,32.569,28.761,-0.264
2016,DEN,19,19830,859,25.526,20.06,-0.176,-0.604,-0.775,53.007,19.915,14.969,12.856,5.172,15.458,10.221,1.534,1.613,106.137,109.002,47.778,33.487,75.778,29.256,27.133,0.126
2016,DET,17,19880,816,25.882,28.63,0.049,0.05,0.075,52.329,19.904,13.028,11.623,5.392,15.852,10.413,1.457,1.157,107.006,105.712,47.626,31.902,72.347,32.472,28.817,-0.04
2016,GSW,16,19881,939,27.375,55.26,1.824,0.759,2.594,58.554,19.939,17.332,13.862,4.703,15.198,10.265,1.664,1.86,114.513,103.789,53.204,40.405,74.758,32.307,25.813,0.608
2016,HOU,18,19833,855,27.056,28.12,0.321,-0.294,0.005,54.791,19.872,15.038,13.443,5.134,14.563,9.829,2.053,1.815,108.221,108.362,50.498,27.116,69.822,35.855,35.116,0.59
2016,IND,16,19880,856,25.938,32.24,-0.3,0.691,0.392,53.64,19.904,13.916,13.073,4.674,15.194,9.976,1.853,1.575,105.82,103.002,48.661,24.692,74.678,24.914,26.598,0.117
2016,LAC,18,19832,901,28.833,38.91,0.335,0.741,1.081,55.344,19.874,15.554,12.049,4.029,14.755,9.463,1.779,1.818,108.039,103.957,51.718,29.259,72.701,31.24,36.425,0.104
2016,LAL,15,19730,854,27.067,3.76,-1.172,-1.207,-2.364,51.106,19.878,13.047,12.103,4.637,14.937,9.605,1.512,1.342,102.804,111.766,45.123,23.358,77.623,25.626,30.107,-0.152
2016,MEM,28,19829,841,27.857,22.15,-0.218,-0.32,-0.56,52.531,19.883,14.202,11.893,5.043,15.001,9.809,1.869,1.624,105.783,108.027,47.086,33.422,77.946,22.949,30.077,-0.372
2016,MIA,19,19830,794,28.579,31.75,0.024,0.374,0.406,54.285,19.84,13.828,12.718,4.773,15.564,10.335,1.439,2.048,107.167,104.408,50.442,26.435,74.198,23.317,27.607,-0.466
2016,MIL,17,19830,835,24.647,17.36,-0.438,-0.611,-1.046,53.185,19.889,15.113,13.716,5.0,14.61,9.851,1.731,2.042,104.268,108.81,47.945,27.811,75.069,19.997,26.89,-0.057
2016,MIN,16,19882,877,27.062,19.28,-0.1,-0.76,-0.848,54.567,19.881,15.122,13.78,4.857,14.935,9.962,1.648,1.534,107.1,110.109,49.15,30.177,78.064,20.647,32.698,0.045
2016,NOP,21,19779,820,26.667,19.26,-0.214,-0.646,-0.838,53.733,19.94,14.815,12.591,4.226,15.745,9.788,1.586,1.421,105.652,109.729,48.807,30.116,76.041,27.57,26.384,0.087
2016,NYK,16,19804,890,26.75,21.69,-0.339,-0.252,-0.601,52.737,19.87,13.902,12.159,4.751,15.157,10.026,1.203,1.784,105.611,107.741,46.804,29.093,81.112,26.394,24.375,-0.511
2016,OKC,17,19829,890,27.235,46.59,1.485,0.33,1.826,55.728,19.908,14.867,13.513,6.223,15.193,10.939,1.502,1.862,112.661,105.726,51.553,30.342,74.33,27.031,28.049,0.253
2016,ORL,17,19907,897,24.882,24.48,-0.182,-0.174,-0.329,53.317,19.909,14.875,12.57,4.617,15.289,9.893,1.699,1.732,105.445,106.95,48.694,31.301,76.927,27.398,23.832,0.005
2016,PHI,18,19806,849,24.333,2.64,-1.721,-0.767,-2.492,51.845,19.852,14.882,14.273,4.119,14.808,9.299,1.678,1.899,99.276,109.496,46.265,32.477,70.244,33.6,27.297,0.229
2016,PHO,23,19705,860,25.696,12.14,-0.95,-0.6,-1.557,52.701,19.886,14.078,15.085,5.092,15.411,10.115,1.562,1.303,102.931,109.166,47.482,29.256,74.616,29.267,28.053,0.561
2016,POR,16,19807,896,24.625,30.21,0.445,-0.205,0.232,54.702,19.871,14.357,12.979,5.167,15.235,10.196,1.41,1.493,109.484,108.09,49.563,28.774,75.477,30.434,29.192,0.114
2016,SAC,15,19807,810,26.4,22.35,-0.104,-0.449,-0.553,54.75,19.866,15.268,13.724,4.785,14.973,9.919,1.774,1.492,106.832,108.65,50.306,30.635,71.469,26.258,27.866,0.568
2016,SAS,17,19707,974,31.059,54.18,0.88,1.756,2.644,55.791,19.912,15.255,12.341,4.593,15.816,10.411,1.779,1.906,110.221,98.978,50.891,29.92,78.658,23.17,23.905,-0.356
2016,TOR,16,19779,837,25.375,37.66,0.85,0.145,1.011,55.072,19.819,13.143,11.761,4.919,15.54,10.311,1.672,1.872,110.741,105.373,48.543,29.544,76.169,28.468,33.19,-0.642
2016,UTA,17,19956,887,24.529,32.72,-0.172,0.653,0.485,54.014,19.844,13.269,14.088,5.176,15.544,10.369,1.667,1.801,106.512,104.079,48.928,26.879,74.741,28.831,30.231,-0.434
2016,WAS,19,19755,872,27.947,26.83,-0.172,0.083,-0.125,54.697,19.89,15.865,12.253,4.123,15.527,9.716,1.719,1.297,106.314,106.056,49.941,29.012,73.719,29.409,26.154,0.37
2017,ATL,20,19882,879,28.2,24.67,-0.888,0.525,-0.346,54.123,19.887,15.824,13.703,4.733,15.228,10.053,1.677,1.729,105.412,106.012,49.788,29.653,75.113,30.831,29.96,0.429
2017,BOS,15,19754,892,25.267,33.84,0.529,0.075,0.606,56.091,19.885,16.725,11.917,4.252,15.064,9.699,1.566,1.41,111.062,108.666,51.451,34.65,76.955,38.694,26.054,0.092
2017,BRK,21,19754,919,25.81,11.25,-1.094,-0.561,-1.656,54.742,19.898,14.191,14.399,3.909,15.236,9.633,1.422,1.49,104.212,110.883,50.106,32.733,77.967,37.37,28.998,0.632
2017,CHA,19,19829,831,25.789,27.4,0.059,-0.077,-0.025,54.765,19.905,15.633,10.264,3.983,15.915,9.913,1.443,1.727,109.941,108.726,48.619,27.211,81.506,30.6,29.093,-0.247
2017,CHI,18,19778,876,25.889,28.1,-0.274,0.337,0.015,52.732,19.891,14.714,11.999,5.402,15.372,10.337,1.64,1.579,107.664,107.052,47.649,27.051,75.93,26.426,24.545,-0.128
2017,CLE,21,19881,869,30.048,36.15,1.114,-0.315,0.794,57.508,19.913,15.35,12.025,4.38,15.141,9.941,1.338,1.331,113.395,110.541,51.54,33.167,74.711,40.481,27.801,0.053
2017,DAL,24,19780,911,26.75,20.8,-0.843,0.153,-0.67,54.225,19.864,14.475,11.66,3.629,15.529,9.29,1.61,1.399,106.598,108.899,48.873,33.068,78.73,36.647,23.302,-0.49
2017,DEN,19,19756,842,25.474,30.19,0.933,-0.688,0.223,56.742,19.915,15.466,12.895,5.448,15.728,10.643,1.398,1.27,113.575,112.89,50.938,31.443,77.165,33.192,27.929,0.276
2017,DET,15,19806,850,25.467,23.17,-0.644,0.21,-0.466,51.934,19.912,13.293,10.496,4.828,16.25,10.309,1.465,1.31,106.23,107.36,48.523,29.436,75.239,26.305,21.736,-0.278
2017,GSW,17,19780,966,27.882,56.69,1.527,1.254,2.772,58.818,19.936,17.753,13.605,4.572,14.983,10.089,1.906,2.211,115.407,104.14,55.348,32.092,77.092,32.903,26.492,0.587
2017,HOU,18,19781,837,26.0,43.85,1.435,0.112,1.559,57.653,19.884,16.131,11.816,4.911,15.151,10.021,1.624,1.428,114.9,109.27,53.136,31.09,74.475,45.673,27.969,0.613
2017,IND,16,19855,902,26.938,26.49,-0.088,-0.045,-0.135,55.441,19.906,14.306,12.32,4.255,15.084,9.736,1.689,1.801,108.987,109.024,49.417,31.969,77.381,26.408,26.072,0.038
2017,LAC,15,19754,864,29.533,39.81,0.884,0.306,1.193,57.407,19.914,14.64,11.61,4.289,15.393,9.991,1.552,1.443,112.455,108.416,52.601,31.761,75.524,31.662,32.276,-0.079
2017,LAL,18,19706,880,26.722,11.76,-0.668,-0.902,-1.585,53.38,19.884,13.518,12.899,5.001,15.147,9.897,1.678,1.319,106.479,113.118,48.928,29.146,74.897,26.931,25.853,0.292
2017,MEM,17,19905,872,27.235,29.74,-0.259,0.461,0.2,53.466,19.902,15.007,12.003,4.93,15.496,10.084,1.713,1.635,107.845,107.333,46.52,32.06,77.044,32.777,29.145,-0.405
2017,MIA,15,19779,793,26.6,29.21,-0.174,0.32,0.165,53.816,19.844,13.841,11.35,4.832,15.281,10.011,1.484,1.85,108.589,106.929,48.615,30.532,71.098,32.788,24.295,-0.319
2017,MIL,19,19779,898,26.0,27.02,0.114,-0.194,-0.071,56.235,19.892,15.844,12.658,4.302,15.077,9.752,1.716,1.932,109.388,109.425,50.27,30.647,77.514,32.902,25.317,-0.036
2017,MIN,16,19805,807,25.688,27.17,0.473,-0.552,-0.059,54.687,19.881,14.674,13.13,5.431,15.189,10.249,1.673,1.586,110.787,112.101,49.397,33.493,78.475,25.857,27.708,-0.223
2017,NOP,26,19906,822,25.846,23.89,-0.725,0.307,-0.407,53.544,19.909,14.751,11.389,3.715,15.344,9.491,1.564,1.862,105.342,107.575,48.474,31.564,72.964,33.86,24.724,0.057
2017,NYK,16,19853,897,26.625,17.71,-0.299,-0.705,-1.001,53.143,19.874,13.791,12.211,5.312,14.81,10.058,1.466,1.875,108.4,111.721,47.961,29.818,78.381,28.243,23.809,-0.054
2017,OKC,19,19806,895,25.947,30.55,-0.076,0.314,0.197,53.203,19.94,14.725,12.089,5.592,15.798,10.686,1.591,1.661,107.835,107.661,50.861,27.941,68.968,30.315,27.438,0.257
2017,ORL,19,19805,882,25.474,11.53,-1.002,-0.626,-1.623,52.295,19.913,14.632,12.053,4.312,15.483,9.733,1.452,1.616,103.615,110.68,48.136,28.795,74.175,29.964,26.911,0.031
2017,PHI,21,19831,841,24.714,13.77,-1.292,-0.104,-1.41,53.689,19.876,15.546,14.443,4.476,15.065,9.766,1.706,1.693,103.753,109.084,48.813,29.869,76.832,35.039,24.886,0.298
2017,PHO,18,19829,866,25.667,15.36,-0.49,-0.747,-1.232,54.215,19.916,12.559,13.009,5.206,15.272,10.114,1.622,1.627,107.966,112.27,49.9,28.461,75.511,25.57,29.847,0.439
2017,POR,15,19931,848,24.333,27.44,0.311,-0.362,-0.048,55.445,19.886,13.909,12.289,4.592,15.352,9.969,1.437,1.634,110.306,110.975,49.557,31.556,76.825,31.045,27.695,-0.053
2017,SAC,19,19880,833,26.789,18.42,-0.375,-0.562,-0.952,55.54,19.889,15.079,13.219,4.207,15.25,9.799,1.599,1.482,107.321,111.608,49.257,31.467,77.247,30.63,26.261,-0.109
2017,SAS,16,19805,973,28.75,45.55,0.484,1.283,1.752,56.265,19.899,15.303,12.721,4.797,15.53,10.279,1.685,1.979,111.4,103.584,49.361,33.409,78.711,28.747,25.257,-0.195
2017,TOR,17,19781,858,25.118,36.54,0.702,0.179,0.893,56.192,19.836,12.216,11.388,4.984,15.268,10.147,1.738,1.733,113.524,107.897,50.736,33.945,77.08,30.049,28.154,-0.345
2017,UTA,15,19756,882,26.2,37.56,0.135,0.88,0.985,56.434,19.863,13.652,13.183,4.64,15.771,10.349,1.455,1.691,110.454,105.392,50.849,30.153,75.12,31.542,30.015,-0.497
2017,WAS,18,19857,853,25.667,31.39,0.507,-0.202,0.31,56.282,19.87,14.958,11.932,4.808,15.095,9.969,1.72,1.412,112.214,109.46,51.913,30.621,77.036,27.578,24.832,0.118
2018,ATL,22,19703,898,25.5,13.39,-0.89,-0.519,-1.405,55.129,19.898,15.794,13.813,4.216,15.232,9.724,1.586,1.508,105.947,110.787,49.255,33.594,77.467,35.951,23.946,0.254
2018,BOS,20,19806,888,25.4,36.01,-0.181,1.006,0.816,54.495,19.877,15.023,12.606,4.305,15.673,10.053,1.51,1.584,107.309,104.07,48.066,35.135,75.919,36.186,24.393,-0.117
2018,BRK,22,19856,868,25.227,18.74,-0.422,-0.449,-0.898,55.477,19.827,15.639,12.63,4.19,15.388,9.748,1.237,1.466,107.933,110.903,48.959,34.097,76.973,41.552,25.997,0.033
2018,CHA,17,19781,890,25.471,27.76,0.281,-0.269,0.015,54.843,19.925,13.978,11.207,4.448,16.136,10.194,1.383,1.575,109.875,109.275,47.65,31.375,77.34,30.859,31.362,0.041
2018,CHI,21,19856,848,24.619,10.09,-1.04,-0.724,-1.744,52.843,19.868,15.189,12.373,4.107,16.121,9.898,1.526,1.308,103.868,111.107,47.377,32.563,75.703,34.657,22.576,0.065
2018,CLE,22,19732,899,29.0,29.14,0.884,-0.75,0.133,57.995,19.918,15.431,11.872,4.021,15.444,9.828,1.451,1.345,112.977,112.087,52.855,33.391,77.481,39.69,26.032,0.116
2018,DAL,23,19805,869,26.652,21.1,-0.588,-0.064,-0.645,54.865,19.909,15.115,11.035,3.597,15.797,9.492,1.456,1.412,107.768,109.721,49.842,33.019,77.153,37.548,22.827,-0.215
2018,DEN,18,19880,833,25.833,32.05,0.813,-0.416,0.417,56.779,19.868,15.621,12.876,5.131,15.497,10.338,1.555,1.686,112.707,111.092,52.543,33.33,77.071,35.197,26.014,0.025
2018,DET,22,19805,864,26.318,27.04,-0.264,0.204,-0.054,54.647,19.874,14.854,11.777,4.529,15.691,9.989,1.594,1.442,108.662,107.482,49.191,29.81,75.249,33.752,23.17,-0.125
2018,GSW,17,19729,966,28.0,42.01,1.082,0.309,1.374,59.132,19.914,17.349,14.139,4.208,15.266,10.129,1.611,2.451,113.654,107.606,55.628,29.838,79.101,31.109,24.082,0.431
2018,HOU,24,19755,799,28.0,49.47,1.512,0.645,2.156,58.219,19.881,14.896,11.867,4.255,15.975,10.157,1.744,1.698,114.255,106.167,53.76,30.28,76.357,50.544,27.35,0.076
2018,IND,19,19753,849,25.842,30.48,0.129,0.119,0.284,55.321,19.922,13.71,11.615,4.54,15.245,9.915,1.822,1.532,110.318,108.145,50.902,35.429,75.652,28.493,21.494,-0.204
2018,LAC,21,19707,864,26.571,27.9,0.3,-0.303,0.007,56.119,19.886,14.141,12.917,4.707,15.195,10.03,1.55,1.574,109.969,110.481,51.755,28.4,73.628,30.108,29.951,0.305
2018,LAL,24,19906,869,25.5,24.74,-0.37,0.053,-0.328,54.67,19.923,14.616,13.64,4.735,15.555,10.176,1.525,1.586,106.98,108.179,51.048,31.485,70.356,33.221,26.207,0.442
2018,MEM,24,19707,855,25.458,12.01,-0.998,-0.54,-1.549,53.962,19.876,14.918,13.588,4.482,15.303,9.745,1.563,1.886,104.961,111.239,48.674,31.163,77.307,31.011,25.315,-0.064
2018,MIA,19,19929,803,26.421,28.35,-0.362,0.396,0.034,55.107,19.882,14.778,12.453,4.3,15.798,10.035,1.565,1.86,107.845,106.508,50.168,37.373,75.724,36.231,23.231,-0.199
2018,MIL,24,19831,869,26.0,27.38,0.261,-0.326,-0.053,56.276,19.87,15.124,12.273,4.086,15.178,9.646,1.81,1.914,110.083,110.199,51.314,31.89,77.62,33.057,26.522,-0.004
2018,MIN,16,19805,821,27.0,34.63,1.115,-0.401,0.699,56.786,19.873,13.807,10.965,4.875,15.262,10.027,1.727,1.546,114.584,111.189,51.911,33.443,79.984,25.873,27.592,-0.397
2018,NOP,23,19954,825,28.087,31.75,0.215,0.096,0.336,56.624,19.922,15.764,12.77,4.008,15.339,9.88,1.586,1.93,109.82,108.487,53.311,34.052,72.829,34.902,20.889,0.412
2018,NYK,21,19832,904,25.857,19.76,-0.344,-0.454,-0.788,54.047,19.905,14.287,13.256,4.806,15.349,10.099,1.372,1.829,106.792,111.06,49.005,30.881,79.02,27.577,21.431,-0.043
2018,OKC,17,19831,886,26.706,37.42,0.557,0.37,0.913,54.874,19.899,14.416,11.328,5.561,15.471,10.328,1.864,1.874,112.335,107.401,50.442,29.139,70.567,36.305,27.028,0.074
2018,ORL,19,19730,887,25.263,14.91,-0.79,-0.493,-1.276,54.335,19.9,15.258,13.019,4.009,15.13,9.519,1.546,1.628,105.15,110.383,49.785,30.795,75.996,32.522,25.095,0.0
2018,PHI,23,19781,837,25.304,40.6,0.207,1.036,1.267,56.695,19.894,16.817,14.111,5.055,15.708,10.577,1.667,1.75,110.794,104.956,51.951,30.319,76.444,34.13,25.114,0.503
2018,PHO,22,19703,859,24.364,5.69,-1.208,-0.97,-2.187,53.713,19.888,13.939,13.939,4.484,15.291,9.806,1.39,1.5,104.244,113.104,48.587,28.217,74.776,33.504,28.146,0.335
2018,POR,16,19753,876,24.125,34.7,0.175,0.513,0.677,54.722,19.915,12.924,12.164,4.67,15.824,10.278,1.431,1.747,109.137,106.633,49.18,29.721,77.963,32.255,23.202,-0.212
2018,SAC,18,19755,865,25.778,10.11,-1.081,-0.654,-1.733,52.971,19.906,13.986,12.157,4.305,15.512,9.658,1.636,1.623,104.116,111.458,47.845,32.648,73.615,28.588,19.582,-0.344
2018,SAS,17,19730,956,28.059,34.89,-0.172,0.903,0.73,54.157,19.923,14.558,12.189,4.742,15.725,10.195,1.611,1.933,107.837,104.968,49.487,32.209,76.263,30.092,24.326,-0.196
2018,TOR,18,19831,930,24.833,46.17,1.2,0.62,1.816,57.871,19.891,14.85,11.857,4.618,15.543,10.188,1.555,2.01,114.227,106.062,53.928,35.901,77.377,37.699,23.962,-0.136
2018,UTA,21,19757,863,26.238,38.92,-0.058,1.178,1.109,56.906,19.878,14.706,13.301,4.311,15.966,10.202,1.812,1.8,110.296,104.016,51.234,30.173,78.451,33.961,27.588,-0.019
2018,WAS,15,19857,866,27.133,29.42,0.143,0.01,0.153,56.184,19.896,15.855,13.162,4.697,15.435,10.07,1.621,1.569,110.494,108.837,50.779,31.746,77.277,29.253,25.912,0.024
2019,ATL,22,19853,925,25.136,13.18,-0.655,-0.815,-1.463,55.309,19.93,15.793,13.784,4.939,15.289,9.995,1.577,1.825,108.214,114.026,50.693,34.316,73.92,41.056,24.535,0.805
2019,BOS,17,19782,885,25.588,37.7,0.354,0.624,0.98,56.758,19.918,15.91,11.383,4.328,15.38,9.856,1.694,1.963,112.836,107.915,52.494,35.768,79.962,38.763,21.946,0.03
2019,BRK,19,19980,857,25.316,27.39,-0.172,0.099,-0.064,56.214,19.875,15.564,12.44,4.753,15.283,10.058,1.294,1.33,111.137,109.954,50.986,29.718,74.783,39.424,30.154,0.079
2019,CHA,17,19831,888,25.765,24.31,0.189,-0.515,-0.339,55.646,19.911,14.876,10.611,4.358,15.425,9.779,1.451,1.774,112.091,112.76,50.829,33.115,79.754,36.99,25.896,-0.221
2019,CHI,22,19904,846,23.773,6.8,-1.222,-0.857,-2.075,54.04,19.873,13.811,12.174,3.88,15.46,9.608,1.462,1.524,105.56,113.482,49.469,31.607,78.042,30.206,23.238,-0.257
2019,CLE,27,19753,845,26.222,3.4,-0.744,-1.655,-2.404,54.102,19.844,13.371,11.67,4.736,15.41,9.832,1.341,0.861,108.849,117.736,48.424,31.296,78.731,32.795,24.123,-0.555
2019,DAL,21,19781,890,27.19,25.29,-0.238,-0.014,-0.251,56.262,19.886,15.456,12.15,4.537,15.493,10.054,1.297,1.506,110.998,110.952,52.971,31.155,74.415,41.006,30.007,0.058
2019,DEN,18,19731,871,24.944,37.93,0.549,0.484,1.034,55.984,19.884,16.777,11.248,5.313,15.595,10.443,1.566,1.626,113.734,109.174,52.84,33.665,76.103,35.181,23.824,-0.209
2019,DET,20,19855,896,26.45,26.37,-0.258,0.123,-0.15,53.695,19.835,14.768,11.527,4.967,15.724,10.164,1.412,1.398,109.318,109.345,49.152,29.274,77.242,39.375,25.499,-0.393
2019,GSW,17,19805,928,27.412,44.13,1.19,0.372,1.575,58.791,19.926,16.905,13.036,4.502,15.412,10.188,1.505,2.213,116.946,109.608,56.057,30.203,75.193,35.22,22.936,0.293
2019,HOU,23,19833,786,27.391,41.47,1.233,0.114,1.347,57.242,19.882,14.516,10.6,4.582,14.882,9.617,1.734,1.743,115.834,110.947,53.688,30.526,74.545,52.549,24.706,-0.055
2019,IND,17,19705,876,25.529,34.79,-0.041,0.749,0.731,55.945,19.934,15.637,12.017,4.383,15.237,9.937,1.767,1.825,110.259,106.813,51.098,38.032,74.463,29.209,23.583,-0.128
2019,LAC,22,19830,942,27.136,30.81,0.408,-0.118,0.289,56.68,19.869,14.741,12.43,4.39,15.206,9.962,1.342,1.526,111.74,111.697,48.605,32.031,77.729,31.695,30.759,0.171
2019,LAL,22,19781,872,25.955,24.65,-0.491,0.167,-0.318,55.045,19.925,15.3,13.277,4.452,15.281,9.967,1.442,1.817,107.535,109.827,52.898,28.439,68.908,34.722,25.95,0.376
2019,MEM,28,19881,849,26.893,23.7,-0.881,0.477,-0.411,54.439,19.864,15.997,12.409,4.009,15.516,9.674,1.715,2.117,105.91,109.036,49.875,31.757,76.7,34.441,26.377,-0.413
2019,MIA,18,19729,812,27.333,27.02,-0.585,0.543,-0.063,54.506,19.877,15.442,12.642,4.961,15.54,10.231,1.532,2.039,108.15,107.834,50.76,31.496,70.065,36.746,25.519,-0.107
2019,MIL,24,19779,882,26.542,47.83,0.829,1.141,1.982,57.629,19.894,15.615,11.031,4.152,16.073,10.475,1.445,2.072,114.135,105.324,55.841,34.815,78.377,44.487,23.262,0.228
2019,MIN,21,19829,851,26.905,24.9,0.216,-0.501,-0.295,54.756,19.907,14.911,10.801,4.93,14.981,9.894,1.651,1.773,111.478,113.173,49.526,34.415,77.672,33.454,26.306,-0.125
2019,NOP,20,19756,845,25.85,24.51,0.187,-0.503,-0.317,55.462,19.934,15.655,12.556,4.829,15.345,10.16,1.44,1.812,110.236,112.835,51.588,33.204,75.214,35.537,22.995,0.373
2019,NYK,23,19781,851,24.739,5.31,-1.36,-0.87,-2.223,53.429,19.873,13.308,11.901,4.431,15.227,9.695,1.369,1.795,105.968,113.78,47.752,30.5,75.437,32.539,27.879,-0.144
2019,OKC,18,19854,861,25.111,36.74,0.089,0.741,0.833,54.845,19.956,14.443,10.935,5.198,15.638,10.232,1.794,1.805,111.586,107.127,51.448,27.816,71.124,34.959,25.364,0.6
2019,ORL,17,19779,861,24.941,29.5,-0.254,0.445,0.153,54.841,19.892,15.906,11.795,4.384,15.967,10.088,1.344,1.881,109.294,108.344,50.133,33.795,78.054,36.264,23.199,-0.19
2019,PHI,26,19804,834,25.846,34.37,0.428,0.214,0.654,57.042,19.932,16.508,12.623,4.903,15.713,10.469,1.45,1.711,112.965,109.976,52.357,30.482,76.207,35.993,28.628,0.145
2019,PHO,24,19883,833,25.458,6.28,-1.048,-1.079,-2.12,54.565,19.918,15.07,13.426,4.097,14.503,9.22,1.756,1.753,105.843,115.226,51.7,26.663,76.804,35.772,25.353,0.236
2019,POR,18,19857,891,24.556,39.26,0.984,0.14,1.103,56.725,19.914,13.96,11.8,5.309,15.565,10.562,1.312,1.675,114.82,110.62,52.631,31.916,79.968,34.057,25.262,-0.186
2019,SAC,20,19732,878,24.8,25.39,-0.003,-0.229,-0.242,55.216,19.901,14.799,10.892,4.614,15.083,9.73,1.592,1.584,111.261,111.617,50.1,35.703,74.489,32.159,24.415,0.313
2019,SAS,16,19805,906,27.688,32.41,0.512,-0.049,0.467,57.697,19.941,14.702,10.856,4.221,15.875,10.096,1.239,1.644,114.478,111.226,51.045,31.425,82.077,31.545,22.993,-0.391
2019,TOR,22,19878,892,27.091,42.45,0.748,0.681,1.431,57.676,19.896,14.957,12.147,4.387,15.432,10.048,1.657,1.834,113.421,107.191,52.309,35.352,79.938,40.305,23.415,0.015
2019,UTA,18,19755,922,26.833,41.23,0.174,1.153,1.336,57.908,19.926,16.139,13.363,4.579,16.047,10.425,1.601,1.931,112.265,105.797,53.997,29.273,74.544,39.137,30.192,0.261
2019,WAS,25,19932,826,26.6,19.59,0.058,-0.903,-0.839,56.569,19.923,15.782,12.021,4.251,14.816,9.463,1.624,1.602,111.437,114.167,53.564,33.348,76.292,37.059,27.034,0.253
2020,ATL,21,16277,733,25.762,7.25,-0.798,-1.076,-1.906,54.73,19.915,15.317,13.252,4.315,14.999,9.583,1.504,1.752,,,,,,38.721,24.663,0.421
2020,BOS,17,17431,809,24.588,37.59,0.683,0.79,1.488,56.828,19.883,14.065,11.907,4.78,15.473,10.2,1.646,2.168,,,,,,37.882,26.045,-0.059
2020,BRK,24,17479,763,26.167,24.23,-0.198,0.163,-0.027,56.101,19.885,15.681,12.744,4.634,15.568,10.205,1.247,1.552,,,,,,41.049,27.427,0.133
2020,CHA,16,15749,646,24.938,8.21,-1.024,-0.704,-1.739,53.738,19.869,16.089,12.788,4.776,14.862,9.632,1.37,1.559,,,,,,39.018,25.771,-0.347
2020,CHI,17,15677,691,24.176,14.47,-0.968,0.017,-0.94,54.964,19.854,14.759,13.359,4.569,15.108,9.591,2.008,1.615,,,,,,37.462,24.011,0.206
2020,CLE,21,15726,663,24.619,5.91,-0.789,-1.205,-2.003,54.969,19.87,14.256,14.165,4.915,15.508,10.16,1.386,1.152,,,,,,36.667,22.379,-0.082
2020,DAL,19,18176,796,26.895,37.64,1.351,-0.043,1.302,58.304,19.909,15.479,10.503,4.636,15.529,10.159,1.21,1.714,,,,,,45.938,24.951,-0.179
2020,DEN,21,17744,775,24.762,30.18,0.57,0.03,0.605,56.466,19.883,16.325,11.449,4.976,15.354,10.171,1.64,1.746,,,,,,34.62,23.883,-0.267
2020,DET,22,15964,688,25.455,13.49,-0.408,-0.664,-1.102,56.209,19.876,15.695,12.865,4.517,15.176,9.785,1.517,1.566,,,,,,40.456,25.987,-0.261
2020,GSW,22,15724,648,24.591,5.2,-1.425,-0.692,-2.114,53.802,19.893,16.723,12.889,4.323,15.27,9.594,1.626,1.711,,,,,,34.05,26.242,0.156
2020,HOU,21,17381,692,28.762,31.65,0.629,0.189,0.836,57.531,19.917,14.538,11.742,4.201,15.111,9.611,1.651,1.813,,,,,,53.323,25.107,0.474
2020,IND,17,17620,764,24.882,29.48,-0.015,0.543,0.533,56.403,19.883,15.413,11.47,3.999,15.35,9.722,1.492,1.879,,,,,,32.649,21.236,-0.262
2020,LAC,20,17380,827,26.7,39.82,0.827,0.921,1.735,57.321,19.872,14.805,12.292,4.704,15.522,10.257,1.394,1.708,,,,,,40.68,27.102,0.168
2020,LAL,20,17089,796,28.1,37.94,0.555,1.024,1.588,57.217,19.908,15.821,12.87,4.911,15.797,10.39,1.689,2.457,,,,,,36.69,27.158,0.258
2020,MEM,21,17568,811,24.952,22.74,-0.336,0.126,-0.22,56.035,19.891,15.834,12.708,4.61,15.556,10.186,1.541,1.979,,,,,,35.713,23.678,0.26
2020,MIA,21,17743,713,26.619,32.67,0.577,0.288,0.872,59.243,19.846,16.682,12.656,4.053,15.894,10.207,1.524,1.859,,,,,,42.497,30.076,-0.155
2020,MIL,17,17595,842,28.529,45.72,0.572,1.75,2.297,57.727,19.923,15.818,12.393,4.145,16.327,10.606,1.38,2.139,,,,,,46.512,24.116,0.459
2020,MIN,24,15556,688,24.542,14.57,-0.599,-0.333,-0.942,54.728,19.905,14.991,12.542,4.41,15.445,9.718,1.655,1.933,,,,,,43.311,28.409,0.338
2020,NOP,17,17431,749,24.882,23.41,0.168,-0.298,-0.139,56.572,19.906,15.933,13.502,4.842,15.575,10.181,1.434,1.713,,,,,,40.915,25.714,0.49
2020,NYK,17,15962,721,24.941,8.74,-1.041,-0.611,-1.671,53.56,19.908,13.724,11.924,5.159,15.662,10.257,1.537,1.863,,,,,,31.279,25.902,-0.209
2020,OKC,18,17429,767,24.556,29.43,0.056,0.519,0.561,56.769,19.886,13.995,11.993,3.863,15.347,9.791,1.528,1.737,,,,,,35.551,28.333,-0.244
2020,ORL,19,17569,754,26.0,23.87,-0.337,0.254,-0.067,54.232,19.875,15.431,11.278,4.448,15.82,9.946,1.668,2.031,,,,,,35.459,28.021,-0.306
2020,PHI,19,17594,775,25.895,31.04,0.24,0.458,0.708,56.399,19.87,15.903,12.101,4.794,16.057,10.415,1.597,1.894,,,,,,37.264,24.415,-0.234
2020,PHO,19,17594,750,24.158,26.25,0.273,-0.113,0.166,57.485,19.915,16.639,12.397,4.429,15.759,10.033,1.512,1.447,,,,,,37.65,26.254,0.261
2020,POR,19,17836,724,25.526,23.34,0.692,-0.869,-0.19,56.61,19.916,12.781,11.385,4.471,15.073,9.831,1.233,2.177,,,,,,37.059,23.945,-0.1
2020,SAC,23,17456,750,26.174,21.46,-0.125,-0.233,-0.348,56.537,19.861,14.805,12.434,4.366,15.672,9.894,1.537,1.601,,,,,,38.761,23.232,-0.112
2020,SAS,18,17215,786,26.333,23.42,0.38,-0.474,-0.083,57.102,19.934,14.797,11.003,4.004,15.852,9.918,1.427,2.001,,,,,,32.197,26.11,-0.218
2020,TOR,18,17381,754,25.444,37.7,0.364,1.141,1.487,57.278,19.871,15.64,12.647,4.261,15.332,9.928,1.749,2.013,,,,,,42.686,25.733,0.086
2020,UTA,20,17353,757,25.9,30.18,0.359,0.316,0.684,58.997,19.894,14.09,13.758,4.308,15.794,10.259,1.234,1.392,,,,,,41.19,28.245,-0.201
2020,WAS,23,17355,761,25.261,12.6,-0.083,-1.263,-1.342,56.186,19.885,15.476,11.937,4.437,15.038,9.523,1.545,1.556,,,,,,35.092,27.391,0.274
